<measure>
  <schema_version>3.0</schema_version>
  <name>export_bcvtb</name>
  <uid>7fb36b3a-5591-4627-a2b0-7709fbeae593</uid>
  <version_id>1c19cb5b-ac8f-4cfa-912c-de7e8a8b1d6a</version_id>
  <version_modified>20170606T230141Z</version_modified>
  <xml_checksum>A9D5932A</xml_checksum>
  <class_name>ExportBCVTB</class_name>
  <display_name>ExportBCVTB</display_name>
  <description>This measure will create the variables.cfg xml file for BCVTB</description>
  <modeler_description>This measure loops through outputvariables, EMS:outputvariables and ExternalInterface objects and will create the variables.cfg xml file for BCVTB.</modeler_description>
  <arguments/>
  <outputs/>
  <provenances/>
  <tags>
    <tag>HVAC.Whole System</tag>
  </tags>
  <attributes>
    <attribute>
      <name>Measure Type</name>
      <value>ModelMeasure</value>
      <datatype>string</datatype>
    </attribute>
    <attribute>
      <name>Intended Software Tool</name>
      <value>Apply Measure Now</value>
      <datatype>string</datatype>
    </attribute>
    <attribute>
      <name>Intended Software Tool</name>
      <value>OpenStudio Application</value>
      <datatype>string</datatype>
    </attribute>
    <attribute>
      <name>Intended Software Tool</name>
      <value>Parametric Analysis Tool</value>
      <datatype>string</datatype>
    </attribute>
    <attribute>
      <name>Intended Use Case</name>
      <value>Model Articulation</value>
      <datatype>string</datatype>
    </attribute>
    <attribute>
      <name>Intended Use Case</name>
      <value>New Construction EE</value>
      <datatype>string</datatype>
    </attribute>
  </attributes>
  <files>
    <file>
      <version>
        <software_program>OpenStudio</software_program>
        <identifier>1.12.2</identifier>
        <min_compatible>1.12.2</min_compatible>
      </version>
      <filename>measure.rb</filename>
      <filetype>rb</filetype>
      <usage_type>script</usage_type>
      <checksum>49B31A9A</checksum>
    </file>
  </files>
</measure>
