,timestamp,T1,Toutdoor,CoolingPower,HeatingPower,FanPower,PumpPower,TotalHVACPower,TotalHVACEnergy,HeatingSetpoint,CoolingSetpoint,FanControlInput,u_CoolingSetpoint,u_HeatingSetpoint,u_FanOverride,PMV,PPD,Reward
2019-01-02 00:00:00,2019-01-02 00:00:00,21.34233381326345,-4.4490761584094685,0.0,7070.707070707072,5.231953892668184,0.0,7075.93902459974,2122781.7073798524,22.0,23.0,0.2,25.0,21.0,0.2,0.0,0.0,-7.07593902459974
2019-01-02 00:05:00,2019-01-02 00:05:00,22.583200429795625,-4.563079685746345,0.0,0.0,5.231953892668184,0.0,5.231953892668184,2486711.3588557327,22.0,23.0,0.2,25.0,21.0,0.2,0.0,0.0,-0.005231953892668183
2019-01-02 00:10:00,2019-01-02 00:10:00,21.795772029691136,-4.666597402597404,0.0,5776.14461479615,5.231953892668184,0.0,5781.376568688818,3222349.1164328437,22.0,23.0,0.2,25.0,21.0,0.2,0.0,0.0,-5.7813765686888186
2019-01-02 00:15:00,2019-01-02 00:15:00,21.821660600375367,-4.762034311367643,0.0,5043.942615646191,5.231953892668184,0.0,5049.17456953886,3966364.911017836,22.0,23.0,0.2,25.0,21.0,0.2,0.0,0.0,-5.04917456953886
2019-01-02 00:20:00,2019-01-02 00:20:00,21.859244114617468,-4.85179541446206,0.0,3980.9745360716165,5.231953892668184,0.0,3986.2064899642846,4854699.859121367,22.0,23.0,0.2,25.0,21.0,0.2,0.0,0.0,-3.986206489964285
2019-01-02 00:25:00,2019-01-02 00:25:00,21.876138725439716,-4.938285714285712,0.0,3503.147159280749,5.231953892668184,0.0,3508.379113173417,5788354.600105789,22.0,23.0,0.2,25.0,21.0,0.2,0.0,0.0,-3.508379113173417
2019-01-02 00:30:00,2019-01-02 00:30:00,21.904010326270225,-5.023910213243539,0.0,2714.859459023951,5.231953892668184,0.0,2720.091412916619,6625202.205445995,22.0,23.0,0.2,25.0,21.0,0.2,0.0,0.0,-2.720091412916619
2019-01-02 00:35:00,2019-01-02 00:35:00,21.90385801633755,-5.111073913740597,0.0,2719.167214695517,5.231953892668184,0.0,2724.399168588185,7455868.930883408,22.0,23.0,0.2,25.0,21.0,0.2,0.0,0.0,-2.724399168588185
2019-01-02 00:40:00,2019-01-02 00:40:00,21.901534006097506,-5.202181818181828,0.0,2784.896797242245,5.231953892668184,0.0,2790.1287511349133,8299216.722753282,22.0,23.0,0.2,25.0,21.0,0.2,0.0,0.0,-2.790128751134913
2019-01-02 00:45:00,2019-01-02 00:45:00,21.898998737838042,-5.299638928972286,0.0,2856.601354075581,5.231953892668184,0.0,2861.8333079682493,9158012.599957429,22.0,23.0,0.2,25.0,21.0,0.2,0.0,0.0,-2.8618333079682494
2019-01-02 00:50:00,2019-01-02 00:50:00,21.89661746487127,-5.405850248516913,0.0,2923.950488489348,5.231953892668184,0.0,2929.1824423820162,10032811.678542713,22.0,23.0,0.2,25.0,21.0,0.2,0.0,0.0,-2.9291824423820163
2019-01-02 00:55:00,2019-01-02 00:55:00,21.894443031611445,-5.523220779220765,0.0,2985.4496109894376,5.231953892668184,0.0,2990.6815648821057,10923447.535099195,22.0,23.0,0.2,25.0,21.0,0.2,0.0,0.0,-2.990681564882106
2019-01-02 01:00:00,2019-01-02 01:00:00,21.89250176153041,-5.6529289281705815,0.0,3040.3542193419003,5.231953892668184,0.0,3045.5861732345684,11829522.66948647,22.0,23.0,0.2,25.0,21.0,0.2,0.0,0.0,-3.0455861732345686
2019-01-02 01:05:00,2019-01-02 01:05:00,21.89077909607869,-5.7852626648428895,0.0,3089.0760705017447,5.231953892668184,0.0,3094.3080243944128,12750430.565335978,22.0,23.0,0.2,25.0,21.0,0.2,0.0,0.0,-3.0943080243944125
2019-01-02 01:10:00,2019-01-02 01:10:00,21.88918374653997,-5.917648484848485,0.0,3134.1970675563944,5.231953892668184,0.0,3139.4290214490625,13685358.744945414,22.0,23.0,0.2,25.0,21.0,0.2,0.0,0.0,-3.1394290214490623
2019-01-02 01:15:00,2019-01-02 01:15:00,21.887676296174504,-6.050131106200922,0.0,3176.832027387755,5.231953892668184,0.0,3182.063981280423,14633564.081035575,22.0,23.0,0.2,25.0,21.0,0.2,0.0,0.0,-3.182063981280423
2019-01-02 01:20:00,2019-01-02 01:20:00,21.886231967116146,-6.182755246913587,0.0,3217.6817381292094,5.231953892668184,0.0,3222.9136920218775,15594395.663287666,22.0,23.0,0.2,25.0,21.0,0.2,0.0,0.0,-3.2229136920218777
2019-01-02 01:25:00,2019-01-02 01:25:00,21.884844543997474,-6.3155656249999765,0.0,3256.921987950233,5.231953892668184,0.0,3262.153941842901,16567245.797211096,22.0,23.0,0.2,25.0,21.0,0.2,0.0,0.0,-3.262153941842901
2019-01-02 01:30:00,2019-01-02 01:30:00,21.883518991396443,-6.448606958473647,0.0,3294.412364545054,5.231953892668184,0.0,3299.644318437722,17551586.12998195,22.0,23.0,0.2,25.0,21.0,0.2,0.0,0.0,-3.299644318437722
2019-01-02 01:35:00,2019-01-02 01:35:00,21.882247664479564,-6.581923965347926,0.0,3330.3690854264655,5.231953892668184,0.0,3335.6010393191336,18546939.704712372,22.0,23.0,0.2,25.0,21.0,0.2,0.0,0.0,-3.3356010393191338
2019-01-02 01:40:00,2019-01-02 01:40:00,21.881024401970762,-6.715561363636368,0.0,3364.966408907728,5.231953892668184,0.0,3370.198362800396,19552876.76902832,22.0,23.0,0.2,25.0,21.0,0.2,0.0,0.0,-3.3701983628003958
2019-01-02 01:45:00,2019-01-02 01:45:00,21.87984495517344,-6.849563871352416,0.0,3398.3245001451514,5.231953892668184,0.0,3403.5564540378195,20569003.818643775,22.0,23.0,0.2,25.0,21.0,0.2,0.0,0.0,-3.4035564540378194
2019-01-02 01:50:00,2019-01-02 01:50:00,21.878705729265675,-6.983976206509567,0.0,3430.545030869785,5.231953892668184,0.0,3435.776984762453,21594962.7663378,22.0,23.0,0.2,25.0,21.0,0.2,0.0,0.0,-3.435776984762453
2019-01-02 01:55:00,2019-01-02 01:55:00,21.877603423666528,-7.118843087121206,0.0,3461.721350845667,5.231953892668184,0.0,3466.953304738335,22630427.52245458,22.0,23.0,0.2,25.0,21.0,0.2,0.0,0.0,-3.466953304738335
2019-01-02 02:00:00,2019-01-02 02:00:00,21.876534484304784,-7.254491666666695,0.0,3491.953979258629,5.231953892668184,0.0,3497.185933151297,23675097.830811653,22.0,23.0,0.2,25.0,21.0,0.2,0.0,0.0,-3.497185933151297
2019-01-02 02:05:00,2019-01-02 02:05:00,21.875494199807406,-7.393309375000001,0.0,3521.376167063266,5.231953892668184,0.0,3526.6081209559343,24728714.475940883,22.0,23.0,0.2,25.0,21.0,0.2,0.0,0.0,-3.526608120955934
2019-01-02 02:10:00,2019-01-02 02:10:00,21.874485635862925,-7.535199999999975,0.0,3549.901207917275,5.231953892668184,0.0,3555.133161809943,25791018.132560533,22.0,23.0,0.2,25.0,21.0,0.2,0.0,0.0,-3.555133161809943
2019-01-02 02:15:00,2019-01-02 02:15:00,21.873506543666736,-7.679382291666684,0.0,3577.592704375157,5.231953892668184,0.0,3582.8246582678253,26861754.19778601,22.0,23.0,0.2,25.0,21.0,0.2,0.0,0.0,-3.582824658267825
2019-01-02 02:20:00,2019-01-02 02:20:00,21.87255534461724,-7.825075000000027,0.0,3604.4953037548335,5.231953892668184,0.0,3609.7272576475016,27940678.546699934,22.0,23.0,0.2,25.0,21.0,0.2,0.0,0.0,-3.6097272576475015
2019-01-02 02:25:00,2019-01-02 02:25:00,21.871631024025135,-7.971496875000014,0.0,3630.637704339628,5.231953892668184,0.0,3635.869658232296,29027559.582720805,22.0,23.0,0.2,25.0,21.0,0.2,0.0,0.0,-3.635869658232296
2019-01-02 02:30:00,2019-01-02 02:30:00,21.870732239165875,-8.117866666666657,0.0,3656.0578821772747,5.231953892668184,0.0,3661.289836069943,30122174.390015166,22.0,23.0,0.2,25.0,21.0,0.2,0.0,0.0,-3.6612898360699426
2019-01-02 02:35:00,2019-01-02 02:35:00,21.86985740834973,-8.263403125000025,0.0,3680.800571926812,5.231953892668184,0.0,3686.0325258194803,31224312.660761744,22.0,23.0,0.2,25.0,21.0,0.2,0.0,0.0,-3.6860325258194804
2019-01-02 02:40:00,2019-01-02 02:40:00,21.869004649618205,-8.407325000000014,0.0,3704.9190006972353,5.231953892668184,0.0,3710.1509545899034,32333779.047077388,22.0,23.0,0.2,25.0,21.0,0.2,0.0,0.0,-3.7101509545899036
2019-01-02 02:45:00,2019-01-02 02:45:00,21.868171610201102,-8.548851041666694,0.0,3728.4797114839744,5.231953892668184,0.0,3733.7116653766425,33450396.290040568,22.0,23.0,0.2,25.0,21.0,0.2,0.0,0.0,-3.7337116653766427
2019-01-02 02:50:00,2019-01-02 02:50:00,21.867355476098965,-8.687200000000018,0.0,3751.5622921504973,5.231953892668184,0.0,3756.7942460431655,34574009.24409844,22.0,23.0,0.2,25.0,21.0,0.2,0.0,0.0,-3.7567942460431656
2019-01-02 02:55:00,2019-01-02 02:55:00,21.866553057200463,-8.821590624999999,0.0,3774.2569680677216,5.231953892668184,0.0,3779.4889219603897,35704488.29265501,22.0,23.0,0.2,25.0,21.0,0.2,0.0,0.0,-3.7794889219603895
2019-01-02 03:00:00,2019-01-02 03:00:00,21.865772246579184,-8.948678205128203,0.0,3796.34050079077,5.231953892668184,0.0,3801.572454683438,36841709.48532591,22.0,23.0,0.2,25.0,21.0,0.2,0.0,0.0,-3.801572454683438
2019-01-02 03:05:00,2019-01-02 03:05:00,21.86510492865358,-9.046148557692334,0.0,3815.2141390906822,5.231953892668184,0.0,3820.4460929833504,37985080.30113802,22.0,23.0,0.2,25.0,21.0,0.2,0.0,0.0,-3.8204460929833504
2019-01-02 03:10:00,2019-01-02 03:10:00,21.86451282500758,-9.113723076923065,0.0,3831.9605048361223,5.231953892668184,0.0,3837.1924587287904,39133808.79340546,22.0,23.0,0.2,25.0,21.0,0.2,0.0,0.0,-3.8371924587287904
2019-01-02 03:15:00,2019-01-02 03:15:00,21.86399069372311,-9.157291185897463,0.0,3846.7278542958697,5.231953892668184,0.0,3851.959808188538,40287244.36207035,22.0,23.0,0.2,25.0,21.0,0.2,0.0,0.0,-3.851959808188538
2019-01-02 03:20:00,2019-01-02 03:20:00,21.863528607010267,-9.182742307692308,0.0,3859.796973447006,5.231953892668184,0.0,3865.0289273396743,41444842.07850813,22.0,23.0,0.2,25.0,21.0,0.2,0.0,0.0,-3.865028927339674
2019-01-02 03:25:00,2019-01-02 03:25:00,21.863113377002662,-9.195965865384608,0.0,3871.5408524499576,5.231953892668184,0.0,3876.7728063426257,42606154.478244774,22.0,23.0,0.2,25.0,21.0,0.2,0.0,0.0,-3.876772806342626
2019-01-02 03:30:00,2019-01-02 03:30:00,21.862731595565833,-9.202851282051256,0.0,3882.3387112693636,5.231953892668184,0.0,3887.5706651620317,43770839.22835441,22.0,23.0,0.2,25.0,21.0,0.2,0.0,0.0,-3.887570665162032
2019-01-02 03:35:00,2019-01-02 03:35:00,21.862369101685942,-9.209287980769204,0.0,3892.5910634278894,5.231953892668184,0.0,3897.8230173205575,44938671.584562264,22.0,23.0,0.2,25.0,21.0,0.2,0.0,0.0,-3.8978230173205577
2019-01-02 03:40:00,2019-01-02 03:40:00,21.862010661213105,-9.221165384615404,0.0,3902.728773770759,5.231953892668184,0.0,3907.960727663427,46109552.664949626,22.0,23.0,0.2,25.0,21.0,0.2,0.0,0.0,-3.907960727663427
2019-01-02 03:45:00,2019-01-02 03:45:00,21.86164003780084,-9.244372916666691,0.0,3913.2110520974743,5.231953892668184,0.0,3918.4430059901424,47283518.15476178,22.0,23.0,0.2,25.0,21.0,0.2,0.0,0.0,-3.9184430059901425
2019-01-02 03:50:00,2019-01-02 03:50:00,21.861240118800595,-9.284800000000018,0.0,3924.5218925084328,5.231953892668184,0.0,3929.753846401101,48460748.36409265,22.0,23.0,0.2,25.0,21.0,0.2,0.0,0.0,-3.929753846401101
2019-01-02 03:55:00,2019-01-02 03:55:00,21.86079325098342,-9.348336057692336,0.0,3937.160578246708,5.231953892668184,0.0,3942.3925321393763,49641559.85249076,22.0,23.0,0.2,25.0,21.0,0.2,0.0,0.0,-3.9423925321393765
2019-01-02 04:00:00,2019-01-02 04:00:00,21.86029115054805,-9.4383806267806,0.0,3951.3613986409932,5.231953892668184,0.0,3956.5933525336613,50826415.236012645,22.0,23.0,0.2,25.0,21.0,0.2,0.0,0.0,-3.956593352533661
2019-01-02 04:05:00,2019-01-02 04:05:00,21.859808145127147,-9.53574565527066,0.0,3965.0221580200887,5.231953892668184,0.0,3970.254111912757,52015473.081778854,22.0,23.0,0.2,25.0,21.0,0.2,0.0,0.0,-3.970254111912757
2019-01-02 04:10:00,2019-01-02 04:10:00,21.859318720972283,-9.634830769230746,0.0,3978.864457349578,5.231953892668184,0.0,3984.096411242246,53208670.25961796,22.0,23.0,0.2,25.0,21.0,0.2,0.0,0.0,-3.984096411242246
2019-01-02 04:15:00,2019-01-02 04:15:00,21.85882771640513,-9.735262037037046,0.0,3992.751455208429,5.231953892668184,0.0,3997.983409101097,54406024.63242162,22.0,23.0,0.2,25.0,21.0,0.2,0.0,0.0,-3.997983409101097
2019-01-02 04:20:00,2019-01-02 04:20:00,21.85833617737103,-9.83666552706552,0.0,4006.653569304219,5.231953892668184,0.0,4011.8855231968873,55607552.679564066,22.0,23.0,0.2,25.0,21.0,0.2,0.0,0.0,-4.011885523196887
2019-01-02 04:25:00,2019-01-02 04:25:00,21.857843883263342,-9.938667307692299,0.0,4020.5770390165794,5.231953892668184,0.0,4025.8089929092475,56813261.852088176,22.0,23.0,0.2,25.0,21.0,0.2,0.0,0.0,-4.025808992909248
2019-01-02 04:30:00,2019-01-02 04:30:00,21.857351595295142,-10.040893447293456,0.0,4034.500335086879,5.231953892668184,0.0,4039.7322889795473,58023153.586504854,22.0,23.0,0.2,25.0,21.0,0.2,0.0,0.0,-4.039732288979548
2019-01-02 04:35:00,2019-01-02 04:35:00,21.856860356365814,-10.142970014245009,0.0,4048.393961370907,5.231953892668184,0.0,4053.6259152635753,59237223.22089245,22.0,23.0,0.2,25.0,21.0,0.2,0.0,0.0,-4.053625915263575
2019-01-02 04:40:00,2019-01-02 04:40:00,21.856371206471124,-10.244523076923088,0.0,4062.228503846999,5.231953892668184,0.0,4067.460457739667,60455454.88541459,22.0,23.0,0.2,25.0,21.0,0.2,0.0,0.0,-4.067460457739667
2019-01-02 04:45:00,2019-01-02 04:45:00,21.855885269442922,-10.34517870370371,0.0,4075.972177371904,5.231953892668184,0.0,4081.204131264572,61677824.040025234,22.0,23.0,0.2,25.0,21.0,0.2,0.0,0.0,-4.081204131264572
2019-01-02 04:50:00,2019-01-02 04:50:00,21.855403745823878,-10.444562962962948,0.0,4089.591027203447,5.231953892668184,0.0,4094.822981096115,62904297.31207034,22.0,23.0,0.2,25.0,21.0,0.2,0.0,0.0,-4.094822981096115
2019-01-02 04:55:00,2019-01-02 04:55:00,21.85492788968554,-10.542301923076934,0.0,4103.0495846513595,5.231953892668184,0.0,4108.281538544028,64134831.37346194,22.0,23.0,0.2,25.0,21.0,0.2,0.0,0.0,-4.108281538544028
2019-01-02 05:00:00,2019-01-02 05:00:00,21.85445825334091,-10.638211680911695,0.0,4116.332228741984,5.231953892668184,0.0,4121.564182634653,65369460.58008075,22.0,23.0,0.2,25.0,21.0,0.2,0.0,0.0,-4.1215641826346525
2019-01-02 05:05:00,2019-01-02 05:05:00,21.853990327980284,-10.733737143874635,0.0,4129.566481365697,5.231953892668184,0.0,4134.798435258365,66608061.127444476,22.0,23.0,0.2,25.0,21.0,0.2,0.0,0.0,-4.134798435258365
2019-01-02 05:10:00,2019-01-02 05:10:00,21.85352664146353,-10.829107692307673,0.0,4142.680847496075,5.231953892668184,0.0,4147.912801388744,67850680.02364129,22.0,23.0,0.2,25.0,21.0,0.2,0.0,0.0,-4.147912801388744
2019-01-02 05:15:00,2019-01-02 05:15:00,21.853066771756232,-10.924136360398848,0.0,4155.687263460095,5.231953892668184,0.0,4160.919217352764,69097256.29868622,22.0,23.0,0.2,25.0,21.0,0.2,0.0,0.0,-4.160919217352763
2019-01-02 05:20:00,2019-01-02 05:20:00,21.85261116634041,-11.018636182336195,0.0,4168.573073200541,5.231953892668184,0.0,4173.80502709321,70347735.8977335,22.0,23.0,0.2,25.0,21.0,0.2,0.0,0.0,-4.17380502709321
2019-01-02 05:25:00,2019-01-02 05:25:00,21.852159926294803,-11.112420192307695,0.0,4181.335417924764,5.231953892668184,0.0,4186.567371817433,71602053.82861088,22.0,23.0,0.2,25.0,21.0,0.2,0.0,0.0,-4.186567371817433
2019-01-02 05:30:00,2019-01-02 05:30:00,21.851713235576653,-11.205301424501442,0.0,4193.9690948017205,5.231953892668184,0.0,4199.201048694389,72860177.17755906,22.0,23.0,0.2,25.0,21.0,0.2,0.0,0.0,-4.199201048694389
2019-01-02 05:35:00,2019-01-02 05:35:00,21.851271255038455,-11.297092913105416,0.0,4206.4695544679425,5.231953892668184,0.0,4211.701508360611,74122065.92563434,22.0,23.0,0.2,25.0,21.0,0.2,0.0,0.0,-4.211701508360611
2019-01-02 05:40:00,2019-01-02 05:40:00,21.850834090243893,-11.38760769230771,0.0,4218.833811283831,5.231953892668184,0.0,4224.0657651765,75387678.60465421,22.0,23.0,0.2,25.0,21.0,0.2,0.0,0.0,-4.2240657651764995
2019-01-02 05:45:00,2019-01-02 05:45:00,21.850402017805152,-11.476658796296306,0.0,4231.054041874492,5.231953892668184,0.0,4236.285995767161,76656956.3082763,22.0,23.0,0.2,25.0,21.0,0.2,0.0,0.0,-4.236285995767161
2019-01-02 05:50:00,2019-01-02 05:50:00,21.849975039766434,-11.564059259259238,0.0,4243.130188424081,5.231953892668184,0.0,4248.36214231675,77929806.8432716,22.0,23.0,0.2,25.0,21.0,0.2,0.0,0.0,-4.24836214231675
2019-01-02 05:55:00,2019-01-02 05:55:00,21.84955333497146,-11.649622115384602,0.0,4255.057192726368,5.231953892668184,0.0,4260.289146619037,79206243.21171673,22.0,23.0,0.2,25.0,21.0,0.2,0.0,0.0,-4.260289146619037
2019-01-02 06:00:00,2019-01-02 06:00:00,21.849139209106454,-11.732509259259245,0.0,4266.769843453826,5.231953892668184,0.0,4272.001797346495,80486214.24576862,22.0,23.0,0.2,25.0,21.0,0.2,0.0,0.0,-4.272001797346495
2019-01-02 06:05:00,2019-01-02 06:05:00,21.848744631499812,-11.806855324074093,0.0,4277.92961414672,5.231953892668184,0.0,4283.161568039389,81769529.2401392,22.0,23.0,0.2,25.0,21.0,0.2,0.0,0.0,-4.283161568039389
2019-01-02 06:10:00,2019-01-02 06:10:00,21.848360670636623,-11.872000000000014,0.0,4288.789113307629,5.231953892668184,0.0,4294.021067200298,83056160.68131286,22.0,23.0,0.2,25.0,21.0,0.2,0.0,0.0,-4.294021067200298
2019-01-02 06:15:00,2019-01-02 06:15:00,21.847989723052194,-11.92881134259261,0.0,4299.280560139961,5.231953892668184,0.0,4304.51251403263,84345964.55562979,22.0,23.0,0.2,25.0,21.0,0.2,0.0,0.0,-4.30451251403263
2019-01-02 06:20:00,2019-01-02 06:20:00,21.847633560118595,-11.978157407407423,0.0,4309.353855231653,5.231953892668184,0.0,4314.585809124322,85638851.98835897,22.0,23.0,0.2,25.0,21.0,0.2,0.0,0.0,-4.314585809124321
2019-01-02 06:25:00,2019-01-02 06:25:00,21.847293318588697,-12.020906249999996,0.0,4318.976847996441,5.231953892668184,0.0,4324.20880188911,86934694.0246858,22.0,23.0,0.2,25.0,21.0,0.2,0.0,0.0,-4.32420880188911
2019-01-02 06:30:00,2019-01-02 06:30:00,21.846970070932173,-12.057925925925929,0.0,4328.119205958749,5.231953892668184,0.0,4333.351159851418,88233350.99662326,22.0,23.0,0.2,25.0,21.0,0.2,0.0,0.0,-4.333351159851418
2019-01-02 06:35:00,2019-01-02 06:35:00,21.84666462185902,-12.090084490740765,0.0,4336.758169643881,5.231953892668184,0.0,4341.99012353655,89534674.98684677,22.0,23.0,0.2,25.0,21.0,0.2,0.0,0.0,-4.34199012353655
2019-01-02 06:40:00,2019-01-02 06:40:00,21.846377363933755,-12.118249999999989,0.0,4344.882636217041,5.231953892668184,0.0,4350.11459010971,90838513.56804648,22.0,23.0,0.2,25.0,21.0,0.2,0.0,0.0,-4.35011459010971
2019-01-02 06:45:00,2019-01-02 06:45:00,21.84610830130157,-12.14329050925926,0.0,4352.492488440457,5.231953892668184,0.0,4357.724442333126,92144713.34712724,22.0,23.0,0.2,25.0,21.0,0.2,0.0,0.0,-4.357724442333126
2019-01-02 06:50:00,2019-01-02 06:50:00,21.845857070912075,-12.16607407407406,0.0,4359.597994405961,5.231953892668184,0.0,4364.8299482986295,93453121.84313186,22.0,23.0,0.2,25.0,21.0,0.2,0.0,0.0,-4.364829948298629
2019-01-02 06:55:00,2019-01-02 06:55:00,21.84562300899745,-12.187468749999994,0.0,4366.217927344857,5.231953892668184,0.0,4371.449881237526,94763591.51657158,22.0,23.0,0.2,25.0,21.0,0.2,0.0,0.0,-4.371449881237526
2019-01-02 07:00:00,2019-01-02 07:00:00,21.8454085319039,-12.207494107744083,0.0,4372.283946152337,5.231953892668184,0.0,4377.515900045006,96075999.82945941,22.0,23.0,0.2,25.0,21.0,0.2,0.0,0.0,-4.3775159000450055
2019-01-02 07:05:00,2019-01-02 07:05:00,21.845234090709766,-12.219479061447828,0.0,4377.217636491456,5.231953892668184,0.0,4382.449590384124,97390029.60256214,22.0,23.0,0.2,25.0,21.0,0.2,0.0,0.0,-4.382449590384124
2019-01-02 07:10:00,2019-01-02 07:10:00,21.845087483819952,-12.223272727272729,0.0,4381.364093981143,5.231953892668184,0.0,4386.596047873812,98705434.56878862,22.0,23.0,0.2,25.0,21.0,0.2,0.0,0.0,-4.3865960478738115
2019-01-02 07:15:00,2019-01-02 07:15:00,21.844976774261852,-12.220690130471382,0.0,4384.495273402168,5.231953892668184,0.0,4389.727227294837,100021917.42445128,22.0,23.0,0.2,25.0,21.0,0.2,0.0,0.0,-4.389727227294837
2019-01-02 07:20:00,2019-01-02 07:20:00,21.84489760163609,-12.213546296296272,0.0,4386.734499181247,5.231953892668184,0.0,4391.9664530739155,101339194.47338903,22.0,23.0,0.2,25.0,21.0,0.2,0.0,0.0,-4.391966453073915
2019-01-02 07:25:00,2019-01-02 07:25:00,21.844846888266375,-12.203656249999995,0.0,4388.168816708596,5.231953892668184,0.0,4393.400770601264,102657021.65798144,22.0,23.0,0.2,25.0,21.0,0.2,0.0,0.0,-4.393400770601264
2019-01-02 07:30:00,2019-01-02 07:30:00,21.844823874333827,-12.192835016835033,0.0,4388.819715810966,5.231953892668184,0.0,4394.051669703635,103975158.16553083,22.0,23.0,0.2,25.0,21.0,0.2,0.0,0.0,-4.394051669703635
2019-01-02 07:35:00,2019-01-02 07:35:00,21.844826630211912,-12.182897622053872,0.0,4388.741771784299,5.231953892668184,0.0,4393.973725676968,105293376.53924002,22.0,23.0,0.2,25.0,21.0,0.2,0.0,0.0,-4.393973725676967
2019-01-02 07:40:00,2019-01-02 07:40:00,21.84485133578437,-12.175659090909107,0.0,4388.043028320864,5.231953892668184,0.0,4393.274982213533,106611473.76853247,22.0,23.0,0.2,25.0,21.0,0.2,0.0,0.0,-4.393274982213533
2019-01-02 07:45:00,2019-01-02 07:45:00,21.844893619018478,-12.172934448653223,0.0,4386.847138871325,5.231953892668184,0.0,4392.079092763994,107929276.90486448,22.0,23.0,0.2,25.0,21.0,0.2,0.0,0.0,-4.392079092763994
2019-01-02 07:50:00,2019-01-02 07:50:00,21.844947501877982,-12.176538720538701,0.0,4385.323179208585,5.231953892668184,0.0,4390.555133101254,109246667.19376993,22.0,23.0,0.2,25.0,21.0,0.2,0.0,0.0,-4.390555133101254
2019-01-02 07:55:00,2019-01-02 07:55:00,21.84500672101359,-12.188286931818197,0.0,4383.648294565135,5.231953892668184,0.0,4388.880248457804,110563571.36121893,22.0,23.0,0.2,25.0,21.0,0.2,0.0,0.0,-4.388880248457804
2019-01-02 08:00:00,2019-01-02 08:00:00,21.84348233893104,-12.210450505050517,0.0,4426.762131243327,5.231953892668184,0.0,4431.994085135995,111759888.21105795,22.0,23.0,0.2,25.0,21.0,0.2,0.0,0.0,-4.431994085135996
2019-01-02 08:05:00,2019-01-02 08:05:00,21.847897294408995,-12.247421464646436,0.0,4301.89470358399,5.231953892668184,0.0,4307.126657476659,112986822.91355453,22.0,23.0,0.2,25.0,21.0,0.2,-0.2458495541458042,6.2544604024833745,-10.561587059960033
2019-01-02 08:10:00,2019-01-02 08:10:00,21.85139010923757,-12.297309090909096,0.0,4203.108021563666,5.231953892668184,0.0,4208.339975456334,114221832.99614803,22.0,23.0,0.2,25.0,21.0,0.2,-0.24503821746386642,6.246173571280053,-10.454513546736386
2019-01-02 08:15:00,2019-01-02 08:15:00,21.853439624607745,-12.35689368686866,0.0,4145.141930286002,5.231953892668184,0.0,4150.373884178671,115457114.06674412,22.0,23.0,0.2,25.0,21.0,0.2,-0.24456213246351746,6.241323809738944,-10.391697693917614
2019-01-02 08:20:00,2019-01-02 08:20:00,21.85459006695328,-12.422955555555575,0.0,4112.604166977984,5.231953892668184,0.0,4117.836120870653,116690356.37743218,22.0,23.0,0.2,25.0,21.0,0.2,-0.24429489172450927,6.238605666430942,-10.356441787301595
2019-01-02 08:25:00,2019-01-02 08:25:00,21.855247174275974,-12.492275000000006,0.0,4094.01931340681,5.231953892668184,0.0,4099.251267299478,117921009.02841055,22.0,23.0,0.2,25.0,21.0,0.2,-0.244142248811237,6.2370544600784115,-10.33630572737789
2019-01-02 08:30:00,2019-01-02 08:30:00,21.855637452322526,-12.561632323232345,0.0,4082.981146433612,5.231953892668184,0.0,4088.2131003262803,119148939.85255894,22.0,23.0,0.2,25.0,21.0,0.2,-0.24405158876624328,6.236133606882888,-10.324346707209168
2019-01-02 08:35:00,2019-01-02 08:35:00,21.855939697332985,-12.627807828282812,0.0,4074.4328027034444,5.231953892668184,0.0,4079.6647565961125,120374385.90610784,22.0,23.0,0.2,25.0,21.0,0.2,-0.24398137829002522,6.235420701514116,-10.315085458110229
2019-01-02 08:40:00,2019-01-02 08:40:00,21.85620946212663,-12.687581818181798,0.0,4066.8030913680886,5.231953892668184,0.0,4072.0350452607568,121597332.82659823,22.0,23.0,0.2,25.0,21.0,0.2,-0.24391871274070057,6.2347845809640745,-10.306819626224831
2019-01-02 08:45:00,2019-01-02 08:45:00,21.85650007802974,-12.73773459595958,0.0,4058.5836516841327,5.231953892668184,0.0,4063.815605576801,122817730.13902982,22.0,23.0,0.2,25.0,21.0,0.2,-0.24385120341929833,6.234099475673105,-10.297915081249906
2019-01-02 08:50:00,2019-01-02 08:50:00,21.856828320645036,-12.775046464646493,0.0,4049.300022160598,5.231953892668184,0.0,4054.531976053266,124035452.67469805,22.0,23.0,0.2,25.0,21.0,0.2,-0.24377495335783986,6.233325896913939,-10.287857872967205
2019-01-02 08:55:00,2019-01-02 08:55:00,21.85719359142354,-12.796297727272702,0.0,4038.9691314554843,5.231953892668184,0.0,4044.2010853481524,125250259.889805,22.0,23.0,0.2,25.0,21.0,0.2,-0.24369010154282686,6.232465338017533,-10.276666423365686
2019-01-02 09:00:00,2019-01-02 09:00:00,21.857597999967822,-12.800000000000011,0.0,4027.5313140413846,5.231953892668184,0.0,4032.7632679340527,126461794.81200685,22.0,23.0,0.2,25.0,21.0,0.2,-0.24359615785424463,6.231512923015686,-10.264276190949738
2019-01-02 09:05:00,2019-01-02 09:05:00,21.857992272187005,-12.800000000000011,0.0,4016.3801805695616,5.231953892668184,0.0,4021.6121344622297,127669950.00431556,22.0,23.0,0.2,25.0,21.0,0.2,-0.2435045685873889,6.23058473440156,-10.252196868863791
2019-01-02 09:10:00,2019-01-02 09:10:00,21.85839244307533,-12.800000000000011,0.0,4005.0622160512344,5.231953892668184,0.0,4010.2941699439025,128874717.99214771,22.0,23.0,0.2,25.0,21.0,0.2,-0.24341160882383192,6.229643017158125,-10.239937187102027
2019-01-02 09:15:00,2019-01-02 09:15:00,21.85879741459695,-12.800000000000011,0.0,3993.6084760458675,5.231953892668184,0.0,3998.8404299385356,130076070.83113313,22.0,23.0,0.2,25.0,21.0,0.2,-0.24331753362779807,6.228690369725712,-10.227530799664247
2019-01-02 09:20:00,2019-01-02 09:20:00,21.859205490256556,-12.800000000000011,0.0,3982.0669422388073,5.231953892668184,0.0,3987.2988961314754,131273974.4616162,22.0,23.0,0.2,25.0,21.0,0.2,-0.2432227370893557,6.227730793705078,-10.215029689836554
2019-01-02 09:25:00,2019-01-02 09:25:00,21.85961581975647,-12.800000000000011,0.0,3970.46166345336,5.231953892668184,0.0,3975.693617346028,132468408.70627674,22.0,23.0,0.2,25.0,21.0,0.2,-0.2431274167287705,6.226766295919447,-10.202459913265475
2019-01-02 09:30:00,2019-01-02 09:30:00,21.860024960624116,-12.800000000000011,0.0,3958.8900025502444,5.231953892668184,0.0,3964.1219564429125,133659350.6541679,22.0,23.0,0.2,25.0,21.0,0.2,-0.2430323722383947,6.22580496952628,-10.189926925969193
2019-01-02 09:35:00,2019-01-02 09:35:00,21.86042993112744,-12.800000000000011,0.0,3947.436291345083,5.231953892668184,0.0,3952.6682452377513,134846837.32109645,22.0,23.0,0.2,25.0,21.0,0.2,-0.24293829628725214,6.224853813080472,-10.177522058318223
2019-01-02 09:40:00,2019-01-02 09:40:00,21.8608314183532,-12.800000000000011,0.0,3936.0810970812067,5.231953892668184,0.0,3941.313050973875,136030917.5564165,22.0,23.0,0.2,25.0,21.0,0.2,-0.24284502926987012,6.223911202342634,-10.16522425331651
2019-01-02 09:45:00,2019-01-02 09:45:00,21.86122907255634,-12.800000000000011,0.0,3924.8343115378257,5.231953892668184,0.0,3930.066265430494,137211603.626154,22.0,23.0,0.2,25.0,21.0,0.2,-0.2427526524399148,6.2229779485241465,-10.15304421395464
2019-01-02 09:50:00,2019-01-02 09:50:00,21.86162183757432,-12.800000000000011,0.0,3913.7258059788637,5.231953892668184,0.0,3918.957759871532,138388931.02681643,22.0,23.0,0.2,25.0,21.0,0.2,-0.24266141115651407,6.222056518627014,-10.141014278498545
2019-01-02 09:55:00,2019-01-02 09:55:00,21.86200830345109,-12.800000000000011,0.0,3902.7954579489347,5.231953892668184,0.0,3908.0274118416028,139562900.08564013,22.0,23.0,0.2,25.0,21.0,0.2,-0.24257163296926526,6.221150205593574,-10.129177617435177
2019-01-02 10:00:00,2019-01-02 10:00:00,21.862389458626865,-12.799409259259278,0.0,3892.0153115634207,5.231953892668184,0.0,3897.247265456089,140733614.17109317,22.0,23.0,0.2,25.0,21.0,0.2,-0.24248308826818538,6.220256676236019,-10.117503941692108
2019-01-02 10:05:00,2019-01-02 10:05:00,21.862782019038377,-12.79338726851853,0.0,3880.912592853977,5.231953892668184,0.0,3886.144546746645,141901067.41353732,22.0,23.0,0.2,25.0,21.0,0.2,-0.24239189383255502,6.2193367519003715,-10.105481298647017
2019-01-02 10:10:00,2019-01-02 10:10:00,21.86317427047703,-12.782399999999996,0.0,3869.818612770819,5.231953892668184,0.0,3875.050566663487,143065141.61203226,22.0,23.0,0.2,25.0,21.0,0.2,-0.2423007709425384,6.218417898176639,-10.093468464840127
2019-01-02 10:15:00,2019-01-02 10:15:00,21.86356351445471,-12.768357175925928,0.0,3858.8096921899946,5.231953892668184,0.0,3864.0416460826627,144225869.5817329,22.0,23.0,0.2,25.0,21.0,0.2,-0.24221034647964554,6.217506431921379,-10.081548078004042
2019-01-02 10:20:00,2019-01-02 10:20:00,21.863944997646854,-12.753168518518521,0.0,3848.0202685738245,5.231953892668184,0.0,3853.2522224664926,145383265.335437,22.0,23.0,0.2,25.0,21.0,0.2,-0.2421217246881579,6.216613469572508,-10.069865692039
2019-01-02 10:25:00,2019-01-02 10:25:00,21.864313692601968,-12.738743750000026,0.0,3837.5925324695954,5.231953892668184,0.0,3842.8244863622635,146537478.0352356,22.0,23.0,0.2,25.0,21.0,0.2,-0.24203607350550496,6.215750752851861,-10.058575239214125
2019-01-02 10:30:00,2019-01-02 10:30:00,21.86466418828286,-12.72699259259258,0.0,3827.67952331308,5.231953892668184,0.0,3832.9114772057483,147688709.21670073,22.0,23.0,0.2,25.0,21.0,0.2,-0.24195464999034708,6.214930904756756,-10.047842381962504
2019-01-02 10:35:00,2019-01-02 10:35:00,21.864991475113015,-12.719824768518492,0.0,3818.422926096533,5.231953892668184,0.0,3823.654879989201,148837152.17445943,22.0,23.0,0.2,25.0,21.0,0.2,-0.24187861794781107,6.2141655944549115,-10.037820474444112
2019-01-02 10:40:00,2019-01-02 10:40:00,21.86529290156335,-12.719150000000013,0.0,3809.897733561808,5.231953892668184,0.0,3815.129687454476,149982930.62145752,22.0,23.0,0.2,25.0,21.0,0.2,-0.24180859339102276,6.213460968050171,-10.028590655504647
2019-01-02 10:45:00,2019-01-02 10:45:00,21.865563882517165,-12.72687800925928,0.0,3802.233625777152,5.231953892668184,0.0,3807.4655796698203,151126268.88456637,22.0,23.0,0.2,25.0,21.0,0.2,-0.24174564152916497,6.2128276868633066,-10.020293266533127
2019-01-02 10:50:00,2019-01-02 10:50:00,21.865795461133246,-12.744918518518546,0.0,3795.683927544567,5.231953892668184,0.0,3800.915881437235,152267468.02355668,22.0,23.0,0.2,25.0,21.0,0.2,-0.24169184317733802,6.212286619770069,-10.013202501207303
2019-01-02 10:55:00,2019-01-02 10:55:00,21.865979598559704,-12.775181250000003,0.0,3790.476000331596,5.231953892668184,0.0,3795.707954224264,153406903.91915593,22.0,23.0,0.2,25.0,21.0,0.2,-0.24164906589708932,6.211856481844066,-10.00756443606833
2019-01-02 11:00:00,2019-01-02 11:00:00,21.866104771306084,-12.819535185185202,0.0,3786.935761040052,5.231953892668184,0.0,3792.16771493272,154545022.88863188,22.0,23.0,0.2,25.0,21.0,0.2,-0.24161998677340732,6.211564126722976,-10.003731841655696
2019-01-02 11:05:00,2019-01-02 11:05:00,21.866112563747038,-12.878265509259279,0.0,3786.715368770651,5.231953892668184,0.0,3791.947322663319,155682548.26248556,22.0,23.0,0.2,25.0,21.0,0.2,-0.241618176495527,6.211545927761122,-10.003493250424441
2019-01-02 11:10:00,2019-01-02 11:10:00,21.86600838897334,-12.949599999999975,0.0,3789.6617260065054,5.231953892668184,0.0,3794.8936798991735,156820517.15534917,22.0,23.0,0.2,25.0,21.0,0.2,-0.24164237754227222,6.211789235449302,-10.006682915348476
2019-01-02 11:15:00,2019-01-02 11:15:00,21.865814775698823,-13.03162893518521,0.0,3795.1376570029915,5.231953892668184,0.0,3800.3696108956597,157959782.20430845,22.0,23.0,0.2,25.0,21.0,0.2,-0.24168735617998519,6.212241498105968,-10.012611109001627
2019-01-02 11:20:00,2019-01-02 11:20:00,21.86555442910202,-13.12244259259262,0.0,3802.5009950944072,5.231953892668184,0.0,3807.7329489870754,159100997.58963728,22.0,23.0,0.2,25.0,21.0,0.2,-0.24174783766352553,6.212849776665692,-10.020582725652767
2019-01-02 11:25:00,2019-01-02 11:25:00,21.86524685993936,-13.220131250000009,0.0,3811.199920906949,5.231953892668184,0.0,3816.431874799617,160244644.82691097,22.0,23.0,0.2,25.0,21.0,0.2,-0.24181928935672664,6.213568583536258,-10.030000458335875
2019-01-02 11:30:00,2019-01-02 11:30:00,21.864907776154496,-13.322785185185182,0.0,3820.7901693677936,5.231953892668184,0.0,3826.0221232604617,161391060.46330985,22.0,23.0,0.2,25.0,21.0,0.2,-0.24189806207811754,6.214361288742779,-10.04038341200324
2019-01-02 11:35:00,2019-01-02 11:35:00,21.864549750887818,-13.428494675925947,0.0,3830.9161365061595,5.231953892668184,0.0,3836.1480903988277,162540465.221851,22.0,23.0,0.2,25.0,21.0,0.2,-0.2419812349172718,6.215198556046772,-10.0513466464456
2019-01-02 11:40:00,2019-01-02 11:40:00,21.864184005333016,-13.535349999999994,0.0,3841.2604552278403,5.231953892668184,0.0,3846.4924091205085,163692979.77138382,22.0,23.0,0.2,25.0,21.0,0.2,-0.24206620105781781,6.216054175799243,-10.062546584919751
2019-01-02 11:45:00,2019-01-02 11:45:00,21.863821481865727,-13.641441435185186,0.0,3851.513644201647,5.231953892668184,0.0,3856.745598094315,164848604.51045215,22.0,23.0,0.2,25.0,21.0,0.2,-0.24215041847899535,6.216902555068984,-10.0736481531633
2019-01-02 11:50:00,2019-01-02 11:50:00,21.86347348644864,-13.744859259259272,0.0,3861.355938826332,5.231953892668184,0.0,3866.587892719,166007216.5319704,22.0,23.0,0.2,25.0,21.0,0.2,-0.2422312607195953,6.217717214078334,-10.084305106797334
2019-01-02 11:55:00,2019-01-02 11:55:00,21.863151531541746,-13.84369375,0.0,3870.461734172842,5.231953892668184,0.0,3875.6936880655103,167168661.0451206,22.0,23.0,0.2,25.0,21.0,0.2,-0.2423060533704646,6.218471154947011,-10.094164843012521
2019-01-02 12:00:00,2019-01-02 12:00:00,21.862863132605924,-13.937257407407401,0.0,3878.6184717516585,5.231953892668184,0.0,3883.8504256443266,168332663.93045914,22.0,23.0,0.2,25.0,21.0,0.2,-0.24237305057404004,6.219146713978759,-10.102997139623085
2019-01-02 12:05:00,2019-01-02 12:05:00,21.86255149262064,-14.03494606481479,0.0,3887.4325319415166,5.231953892668184,0.0,3892.6644858341847,169499163.99452603,22.0,23.0,0.2,25.0,21.0,0.2,-0.24244544670478152,6.219876924438466,-10.112541410272652
2019-01-02 12:10:00,2019-01-02 12:10:00,21.86222908620755,-14.13760000000002,0.0,3896.5510971602366,5.231953892668184,0.0,3901.7830510529047,170668422.46091276,22.0,23.0,0.2,25.0,21.0,0.2,-0.2425203437980903,6.220632592084769,-10.122415643137673
2019-01-02 12:15:00,2019-01-02 12:15:00,21.861896698585383,-14.243309490740728,0.0,3905.9519592012866,5.231953892668184,0.0,3911.1839130939547,171840484.4526936,22.0,23.0,0.2,25.0,21.0,0.2,-0.2425975594274804,6.221411899067277,-10.132595812161231
2019-01-02 12:20:00,2019-01-02 12:20:00,21.861558911166185,-14.350164814814832,0.0,3915.5055427745724,5.231953892668184,0.0,3920.7374966672405,173015453.32515743,22.0,23.0,0.2,25.0,21.0,0.2,-0.24267602929225193,6.22220412112091,-10.14294161778815
2019-01-02 12:25:00,2019-01-02 12:25:00,21.861220022211683,-14.456256250000024,0.0,3925.090280881705,5.231953892668184,0.0,3930.322234774373,174193298.24983838,22.0,23.0,0.2,25.0,21.0,0.2,-0.24275475487765372,6.222999184799818,-10.15332141957419
2019-01-02 12:30:00,2019-01-02 12:30:00,21.860883941422685,-14.559674074074053,0.0,3934.5955961260815,5.231953892668184,0.0,3939.8275500187497,175373927.357678,22.0,23.0,0.2,25.0,21.0,0.2,-0.2428328279421405,6.223787915652792,-10.163615465671542
2019-01-02 12:35:00,2019-01-02 12:35:00,21.860554362750406,-14.658508564814838,0.0,3943.917013119825,5.231953892668184,0.0,3949.148967012493,176557369.55007708,22.0,23.0,0.2,25.0,21.0,0.2,-0.24290939037138481,6.2245616340053544,-10.173710601017847
2019-01-02 12:40:00,2019-01-02 12:40:00,21.860235171074066,-14.750850000000014,0.0,3952.9446564910536,5.231953892668184,0.0,3958.1766103837217,177743549.75100312,22.0,23.0,0.2,25.0,21.0,0.2,-0.2429835397051222,6.225311200996842,-10.183487811380564
2019-01-02 12:45:00,2019-01-02 12:45:00,21.8599295931366,-14.834788657407387,0.0,3961.587264823472,5.231953892668184,0.0,3966.8192187161403,178932368.50296846,22.0,23.0,0.2,25.0,21.0,0.2,-0.24305452637683825,6.2260290133867215,-10.192848232102861
2019-01-02 12:50:00,2019-01-02 12:50:00,21.8596407593065,-14.908414814814819,0.0,3969.756302442397,5.231953892668184,0.0,3974.988256335065,180123702.70009077,22.0,23.0,0.2,25.0,21.0,0.2,-0.24312162321345318,6.22670768661618,-10.201695942951245
2019-01-02 12:55:00,2019-01-02 12:55:00,21.859371927787663,-14.969818750000002,0.0,3977.3596181267026,5.231953892668184,0.0,3982.5915720193707,181317396.54572222,22.0,23.0,0.2,25.0,21.0,0.2,-0.24318407334957007,6.227339529166727,-10.209931101186097
2019-01-02 13:00:00,2019-01-02 13:00:00,21.85912653656453,-15.0171314814815,0.0,3984.29997595265,5.231953892668184,0.0,3989.5319298453182,182513267.9074147,22.0,23.0,0.2,25.0,21.0,0.2,-0.24324107816035953,6.227916421369116,-10.217448351214435
2019-01-02 13:05:00,2019-01-02 13:05:00,21.858910924987867,-15.050067824074063,0.0,3990.3980811512233,5.231953892668184,0.0,3995.6300350438914,183711092.73544568,22.0,23.0,0.2,25.0,21.0,0.2,-0.24329116503254852,6.228423416263169,-10.22405345130706
2019-01-02 13:10:00,2019-01-02 13:10:00,21.858722767336474,-15.070400000000006,0.0,3995.719711695694,5.231953892668184,0.0,4000.951665588362,184910626.41884384,22.0,23.0,0.2,25.0,21.0,0.2,-0.24333487426233438,6.2288659407849565,-10.229817606373318
2019-01-02 13:15:00,2019-01-02 13:15:00,21.858558170548918,-15.080037731481468,0.0,4000.374974374048,5.231953892668184,0.0,4005.6069282667163,186111652.63436222,22.0,23.0,0.2,25.0,21.0,0.2,-0.24337311023393943,6.229253118311362,-10.234860046578078
2019-01-02 13:20:00,2019-01-02 13:20:00,21.85841284329007,-15.080890740740756,0.0,4004.4852402808942,5.231953892668184,0.0,4009.7171941735623,187313990.74039856,22.0,23.0,0.2,25.0,21.0,0.2,-0.24340686984413362,6.22959501924214,-10.239312213415703
2019-01-02 13:25:00,2019-01-02 13:25:00,21.858282156748885,-15.074868750000007,0.0,4008.181425284062,5.231953892668184,0.0,4013.41337917673,188517498.50806755,22.0,23.0,0.2,25.0,21.0,0.2,-0.24343722837968668,6.229902516624833,-10.243315895801562
2019-01-02 13:30:00,2019-01-02 13:30:00,21.85816125295645,-15.063881481481474,0.0,4011.6009264842564,5.231953892668184,0.0,4016.8328803769245,189722075.84333736,22.0,23.0,0.2,25.0,21.0,0.2,-0.2434653143559956,6.230187030047503,-10.247019910424427
2019-01-02 13:35:00,2019-01-02 13:35:00,21.858046266359224,-15.049838657407406,0.0,4014.8530726684035,5.231953892668184,0.0,4020.0850265610716,190927662.48886117,22.0,23.0,0.2,25.0,21.0,0.2,-0.2434920257462967,6.230457649535381,-10.250542676096453
2019-01-02 13:40:00,2019-01-02 13:40:00,21.857932040732692,-15.03465,0.0,4018.083696449121,5.231953892668184,0.0,4023.315650341789,192134241.36726174,22.0,23.0,0.2,25.0,21.0,0.2,-0.24351856034341784,6.230726507564199,-10.254042157905989
2019-01-02 13:45:00,2019-01-02 13:45:00,21.85781294369059,-15.020225231481504,0.0,4021.4520976398876,5.231953892668184,0.0,4026.6840515325557,193341818.7444556,22.0,23.0,0.2,25.0,21.0,0.2,-0.24354622654885347,6.231006862948647,-10.257690914481202
2019-01-02 13:50:00,2019-01-02 13:50:00,21.857682692244566,-15.008474074074059,0.0,4025.135976921361,5.231953892668184,0.0,4030.367930814029,194550418.4814234,22.0,23.0,0.2,25.0,21.0,0.2,-0.24357648389447906,6.231313512453198,-10.261681443267229
2019-01-02 13:55:00,2019-01-02 13:55:00,21.85753536426398,-15.001306250000027,0.0,4029.3028288975033,5.231953892668184,0.0,4034.5347827901714,195760181.41463736,22.0,23.0,0.2,25.0,21.0,0.2,-0.243610708079803,6.231660411089834,-10.266195193880005
2019-01-02 14:00:00,2019-01-02 14:00:00,21.857366723721725,-15.0,0.0,4034.072460395655,5.231953892668184,0.0,4039.304414288323,196971282.70222163,22.0,23.0,0.2,25.0,21.0,0.2,-0.24364988311816202,6.23205755229921,-10.271361966587534
2019-01-02 14:05:00,2019-01-02 14:05:00,21.857190371708498,-15.0,0.0,4039.0601941030905,5.231953892668184,0.0,4044.2921479957586,198183847.32053956,22.0,23.0,0.2,25.0,21.0,0.2,-0.24369084947832237,6.232472922185707,-10.276765070181465
2019-01-02 14:10:00,2019-01-02 14:10:00,21.856998980021388,-15.0,0.0,4044.4732923243937,5.231953892668184,0.0,4049.705246217062,199397957.11797354,22.0,23.0,0.2,25.0,21.0,0.2,-0.24373530948378624,6.232923794936028,-10.28262904115309
2019-01-02 14:15:00,2019-01-02 14:15:00,21.85679450268674,-15.0,0.0,4050.2564896679833,5.231953892668184,0.0,4055.4884435606514,200613744.24157774,22.0,23.0,0.2,25.0,21.0,0.2,-0.24378280920510761,6.23340558545388,-10.288894029014532
2019-01-02 14:20:00,2019-01-02 14:20:00,21.856577440940384,-15.0,0.0,4056.3956097669075,5.231953892668184,0.0,4061.6275636595756,201831320.32165045,22.0,23.0,0.2,25.0,21.0,0.2,-0.24383323219425912,6.233917130438314,-10.29554469409789
2019-01-02 14:25:00,2019-01-02 14:25:00,21.85634831725298,-15.0,0.0,4062.875875673293,5.231953892668184,0.0,4068.1078295659613,203050790.78188762,22.0,23.0,0.2,25.0,21.0,0.2,-0.24388645707039208,6.234457216647982,-10.302565046213942
2019-01-02 14:30:00,2019-01-02 14:30:00,21.85610794552366,-15.0,0.0,4069.6742680176726,5.231953892668184,0.0,4074.9062219103407,204272255.46964812,22.0,23.0,0.2,25.0,21.0,0.2,-0.243942294754747,6.2350239435924095,-10.30993016550275
2019-01-02 14:35:00,2019-01-02 14:35:00,21.855858004845288,-15.0,0.0,4076.7432973049813,5.231953892668184,0.0,4081.9752511976494,205495804.6870032,22.0,23.0,0.2,25.0,21.0,0.2,-0.24400035518739008,6.2356133693169085,-10.317588620514558
2019-01-02 14:40:00,2019-01-02 14:40:00,21.855600038635203,-15.0,0.0,4084.039311327606,5.231953892668184,0.0,4089.271265220274,206721514.48276213,22.0,23.0,0.2,25.0,21.0,0.2,-0.24406027982756504,6.2362218688617475,-10.325493134082022
2019-01-02 14:45:00,2019-01-02 14:45:00,21.855335604763184,-15.0,0.0,4091.518249122077,5.231953892668184,0.0,4096.750203014745,207949491.56839624,22.0,23.0,0.2,25.0,21.0,0.2,-0.244121706779186,6.236845780072258,-10.333595983087005
2019-01-02 14:50:00,2019-01-02 14:50:00,21.855066730532826,-15.0,0.0,4099.122772808959,5.231953892668184,0.0,4104.354726701627,209179738.4811245,22.0,23.0,0.2,25.0,21.0,0.2,-0.24418416510114102,6.23748032940081,-10.341835056102438
2019-01-02 14:55:00,2019-01-02 14:55:00,21.854795460105095,-15.0,0.0,4106.795067734697,5.231953892668184,0.0,4112.027021627366,210412270.55510435,22.0,23.0,0.2,25.0,21.0,0.2,-0.24424717993946704,6.238120698772988,-10.350147720400354
2019-01-02 15:00:00,2019-01-02 15:00:00,21.854514185325854,-15.002403703703692,0.0,4114.750314016244,5.231953892668184,0.0,4119.982267908913,211647066.88627255,22.0,23.0,0.2,25.0,21.0,0.2,-0.24431251862486106,6.238784859702008,-10.358767127610921
2019-01-02 15:05:00,2019-01-02 15:05:00,21.854154199621917,-15.028197685185205,0.0,4124.931727864984,5.231953892668184,0.0,4130.163681757653,212884589.04880133,22.0,23.0,0.2,25.0,21.0,0.2,-0.2443961412803098,6.239635136935334,-10.369798818692987
2019-01-02 15:10:00,2019-01-02 15:10:00,21.853747651334686,-15.079200000000014,0.0,4136.430063261407,5.231953892668184,0.0,4141.662017154075,214125354.22171372,22.0,23.0,0.2,25.0,21.0,0.2,-0.24449057992843926,6.240595744676327,-10.382257761830402
2019-01-02 15:15:00,2019-01-02 15:15:00,21.853295271418972,-15.151591203703731,0.0,4149.224646736149,5.231953892668184,0.0,4154.456600628818,215369783.94613838,22.0,23.0,0.2,25.0,21.0,0.2,-0.24459566468854338,6.241665082591467,-10.396121683220285
2019-01-02 15:20:00,2019-01-02 15:20:00,21.852801296328153,-15.241551851851852,0.0,4163.195659405786,5.231953892668184,0.0,4168.427613298454,216618248.01765272,22.0,23.0,0.2,25.0,21.0,0.2,-0.24471041137276123,6.242833269697115,-10.41126088299557
2019-01-02 15:25:00,2019-01-02 15:25:00,21.852272007744432,-15.34526249999999,0.0,4178.165437531219,5.231953892668184,0.0,4183.397391423888,217871072.26888415,22.0,23.0,0.2,25.0,21.0,0.2,-0.24483336070865852,6.244085578402746,-10.427482969826634
2019-01-02 15:30:00,2019-01-02 15:30:00,21.851712851565253,-15.458903703703697,0.0,4193.9799557302185,5.231953892668184,0.0,4199.211909622887,219128537.13352856,22.0,23.0,0.2,25.0,21.0,0.2,-0.24496324758223406,6.245409239719393,-10.44462114934228
2019-01-02 15:35:00,2019-01-02 15:35:00,21.851124912515957,-15.57865601851853,0.0,4210.608534902239,5.231953892668184,0.0,4215.840488794907,220390903.06841394,22.0,23.0,0.2,25.0,21.0,0.2,-0.24509981994791855,6.246801796529979,-10.462642285324886
2019-01-02 15:40:00,2019-01-02 15:40:00,21.85051213237466,-15.700699999999983,0.0,4227.9396904136365,5.231953892668184,0.0,4233.171644306305,221658440.80075145,22.0,23.0,0.2,25.0,21.0,0.2,-0.2452421620993618,6.248254018830238,-10.481425663136543
2019-01-02 15:45:00,2019-01-02 15:45:00,21.849878698227144,-15.821216203703727,0.0,4245.854999636331,5.231953892668184,0.0,4251.086953528999,222931303.42721727,22.0,23.0,0.2,25.0,21.0,0.2,-0.24538930135953493,6.249756077632469,-10.50084303116147
2019-01-02 15:50:00,2019-01-02 15:50:00,21.849229593886832,-15.936385185185202,0.0,4264.2135062310035,5.231953892668184,0.0,4269.445460123672,224209523.63887307,22.0,23.0,0.2,25.0,21.0,0.2,-0.2455400799959948,6.251296232363856,-10.520741692487528
2019-01-02 15:55:00,2019-01-02 15:55:00,21.84856860531613,-16.042387500000018,0.0,4282.908132473044,5.231953892668184,0.0,4288.140086365713,225493279.97849882,22.0,23.0,0.2,25.0,21.0,0.2,-0.24569361853789273,6.252865560223029,-10.541005646588742
2019-01-02 16:00:00,2019-01-02 16:00:00,21.84789603580583,-16.136666666666656,0.0,4301.930300441126,5.231953892668184,0.0,4307.162254333794,226782662.67158392,22.0,23.0,0.2,25.0,21.0,0.2,-0.2458498465000684,6.254463393516474,-10.561625647850269
2019-01-02 16:05:00,2019-01-02 16:05:00,21.847182300872362,-16.228333333333353,0.0,4322.1167430039095,5.231953892668184,0.0,4327.348696896578,228077950.65996754,22.0,23.0,0.2,25.0,21.0,0.2,-0.24601563584018035,6.256160138123818,-10.583508835020396
2019-01-02 16:10:00,2019-01-02 16:10:00,21.846447227104875,-16.319999999999993,0.0,4342.906708144954,5.231953892668184,0.0,4348.138662037622,229379441.99804902,22.0,23.0,0.2,25.0,21.0,0.2,-0.24618638105562332,6.257908810071115,-10.606047472108738
2019-01-02 16:15:00,2019-01-02 16:15:00,21.84569372510282,-16.41166666666669,0.0,4364.217875879856,5.231953892668184,0.0,4369.449829772525,230687401.78160703,22.0,23.0,0.2,25.0,21.0,0.2,-0.2463614059976326,6.259702583923499,-10.629152413696023
2019-01-02 16:20:00,2019-01-02 16:20:00,21.84492864630721,-16.50333333333333,0.0,4385.856468078913,5.231953892668184,0.0,4391.088421971582,232001870.3068868,22.0,23.0,0.2,25.0,21.0,0.2,-0.24653911914922688,6.261525225399083,-10.652613647370664
2019-01-02 16:25:00,2019-01-02 16:25:00,21.844159223319593,-16.595000000000027,0.0,4407.617926314531,5.231953892668184,0.0,4412.8498802072,233322845.13369462,22.0,23.0,0.2,25.0,21.0,0.2,-0.24671784048830836,6.26335954534521,-10.676209425552411
2019-01-02 16:30:00,2019-01-02 16:30:00,21.843392146331894,-16.686666666666667,0.0,4429.313033037346,5.231953892668184,0.0,4434.544986930015,234650336.59944236,22.0,23.0,0.2,25.0,21.0,0.2,-0.24689601601568142,6.265189599393267,-10.699734586323281
2019-01-02 16:35:00,2019-01-02 16:35:00,21.842635142090217,-16.778333333333308,0.0,4450.7232540140785,5.231953892668184,0.0,4455.955207906747,235984257.4212879,22.0,23.0,0.2,25.0,21.0,0.2,-0.24707185099534562,6.266996921394593,-10.72295212930134
2019-01-02 16:40:00,2019-01-02 16:40:00,21.84189353005206,-16.870000000000005,0.0,4471.698139941693,5.231953892668184,0.0,4476.930093834361,237324542.74302948,22.0,23.0,0.2,25.0,21.0,0.2,-0.24724410988086626,6.2687687463704265,-10.745698840204788
2019-01-02 16:45:00,2019-01-02 16:45:00,21.841172918786185,-16.961666666666645,0.0,4492.079064633147,5.231953892668184,0.0,4497.311018525816,238671015.56971675,22.0,23.0,0.2,25.0,21.0,0.2,-0.24741148999525037,6.270491583659748,-10.767802602185563
2019-01-02 16:50:00,2019-01-02 16:50:00,21.840480690382208,-17.05333333333334,0.0,4511.657241715337,5.231953892668184,0.0,4516.889195608005,240023437.55609635,22.0,23.0,0.2,25.0,21.0,0.2,-0.24757227674208787,6.272147664376789,-10.789036859984794
2019-01-02 16:55:00,2019-01-02 16:55:00,21.839819315157683,-17.144999999999982,0.0,4530.362803621077,5.231953892668184,0.0,4535.594757513745,241381530.60698187,22.0,23.0,0.2,25.0,21.0,0.2,-0.24772589642257856,6.2737309402195365,-10.809325697733282
2019-01-02 17:00:00,2019-01-02 17:00:00,21.83918837656188,-17.23589629629629,0.0,4548.207531583232,5.231953892668184,0.0,4553.4394854759,242745209.29876378,22.0,23.0,0.2,25.0,21.0,0.2,-0.24787244588146495,6.275242271428837,-10.828681756904738
2019-01-02 17:05:00,2019-01-02 17:05:00,21.838605555080846,-17.31912314814815,0.0,4564.691371450808,5.231953892668184,0.0,4569.923325343477,244113761.42578548,22.0,23.0,0.2,25.0,21.0,0.2,-0.24800781854488332,6.276639140857895,-10.846562466201373
2019-01-02 17:10:00,2019-01-02 17:10:00,21.838057249376448,-17.393599999999992,0.0,4580.199007534818,5.231953892668184,0.0,4585.430961427486,245487191.04522747,22.0,23.0,0.2,25.0,21.0,0.2,-0.24813517372144367,6.2779539833870786,-10.863384944814564
2019-01-02 17:15:00,2019-01-02 17:15:00,21.837545079957067,-17.460021296296304,0.0,4594.6846072748685,5.231953892668184,0.0,4599.916561167537,246865101.69304046,22.0,23.0,0.2,25.0,21.0,0.2,-0.2482541351020758,6.279182782298108,-10.879099343465644
2019-01-02 17:20:00,2019-01-02 17:20:00,21.837067652708924,-17.519081481481464,0.0,4608.187600151631,5.231953892668184,0.0,4613.4195540443,248247206.4158087,22.0,23.0,0.2,25.0,21.0,0.2,-0.248365026578805,6.280328759623458,-10.893748313667757
2019-01-02 17:25:00,2019-01-02 17:25:00,21.836622912172118,-17.571474999999992,0.0,4620.766120384553,5.231953892668184,0.0,4625.998074277221,249633219.7389233,22.0,23.0,0.2,25.0,21.0,0.2,-0.24846832564336446,6.281396740224039,-10.907394814501261
2019-01-02 17:30:00,2019-01-02 17:30:00,21.836209069304005,-17.617896296296294,0.0,4632.470767159469,5.231953892668184,0.0,4637.702721052137,251022872.3549729,22.0,23.0,0.2,25.0,21.0,0.2,-0.2485644478970151,6.2823909245801985,-10.920093645632335
2019-01-02 17:35:00,2019-01-02 17:35:00,21.835823899753052,-17.659039814814804,0.0,4643.364451428832,5.231953892668184,0.0,4648.5964053215,252415912.5094787,22.0,23.0,0.2,25.0,21.0,0.2,-0.2486539100399973,6.283316572881091,-10.931912978202591
2019-01-02 17:40:00,2019-01-02 17:40:00,21.835465195441657,-17.695600000000013,0.0,4653.5096238723345,5.231953892668184,0.0,4658.741577765003,253812108.0875384,22.0,23.0,0.2,25.0,21.0,0.2,-0.2487372249834897,6.284178919754055,-10.942920497519058
2019-01-02 17:45:00,2019-01-02 17:45:00,21.835130667937904,-17.7282712962963,0.0,4662.971007816869,5.231953892668184,0.0,4668.202961709538,255211246.64110565,22.0,23.0,0.2,25.0,21.0,0.2,-0.2488149242941386,6.284983405236304,-10.953186366945841
2019-01-02 17:50:00,2019-01-02 17:50:00,21.83481794763685,-17.757748148148153,0.0,4671.8156223921205,5.231953892668184,0.0,4677.047576284789,256613132.38414684,22.0,23.0,0.2,25.0,21.0,0.2,-0.24888755838493945,6.28573567576737,-10.962783252052159
2019-01-02 17:55:00,2019-01-02 17:55:00,21.834524503264277,-17.78472500000001,0.0,4680.11505919218,5.231953892668184,0.0,4685.347013084848,258017593.51475808,22.0,23.0,0.2,25.0,21.0,0.2,-0.2489557152120248,6.286441776988283,-10.97178879007313
2019-01-02 18:00:00,2019-01-02 18:00:00,21.835736887720202,-17.80905151515151,0.0,4645.825397812468,5.231953892668184,0.0,4651.057351705136,259544834.11502734,22.0,23.0,0.2,25.0,21.0,0.2,0.0,0.0,-4.651057351705136
2019-01-02 18:05:00,2019-01-02 18:05:00,21.831041683033447,-17.824030681818186,0.0,4778.619065720677,5.231953892668184,0.0,4783.851019613346,261043123.26676843,22.0,23.0,0.2,25.0,21.0,0.2,0.0,0.0,-4.783851019613346
2019-01-02 18:10:00,2019-01-02 18:10:00,21.82740615135765,-17.829672727272737,0.0,4881.442183824045,5.231953892668184,0.0,4886.674137716714,262534908.4381153,22.0,23.0,0.2,25.0,21.0,0.2,0.0,0.0,-4.886674137716714
2019-01-02 18:15:00,2019-01-02 18:15:00,21.825236927578032,-17.82796628787878,0.0,4942.793967489991,5.231953892668184,0.0,4948.025921382659,264028050.9184714,22.0,23.0,0.2,25.0,21.0,0.2,0.0,0.0,-4.948025921382659
2019-01-02 18:20:00,2019-01-02 18:20:00,21.823952812291054,-17.820899999999995,0.0,4979.112379646952,5.231953892668184,0.0,4984.3443335396205,265524263.3408887,22.0,23.0,0.2,25.0,21.0,0.2,0.0,0.0,-4.984344333539621
2019-01-02 18:25:00,2019-01-02 18:25:00,21.823202841196917,-17.8104625,0.0,5000.323683319526,5.231953892668184,0.0,5005.555637212195,267024263.63157314,22.0,23.0,0.2,25.0,21.0,0.2,0.0,0.0,-5.005555637212194
2019-01-02 18:30:00,2019-01-02 18:30:00,21.822729487282402,-17.798642424242416,0.0,5013.7114708007575,5.231953892668184,0.0,5018.943424693426,268527835.32169724,22.0,23.0,0.2,25.0,21.0,0.2,0.0,0.0,-5.018943424693426
2019-01-02 18:35:00,2019-01-02 18:35:00,21.822384204191906,-17.78742840909092,0.0,5023.477053158225,5.231953892668184,0.0,5028.709007050894,270034726.5987587,22.0,23.0,0.2,25.0,21.0,0.2,0.0,0.0,-5.028709007050894
2019-01-02 18:40:00,2019-01-02 18:40:00,21.82206342355954,-17.77880909090908,0.0,5032.549636699845,5.231953892668184,0.0,5037.781590592514,271544637.1114589,22.0,23.0,0.2,25.0,21.0,0.2,0.0,0.0,-5.037781590592513
2019-01-02 18:45:00,2019-01-02 18:45:00,21.821746821638328,-17.774773106060593,0.0,5041.504034471528,5.231953892668184,0.0,5046.735988364197,273057343.2300731,22.0,23.0,0.2,25.0,21.0,0.2,0.0,0.0,-5.046735988364197
2019-01-02 18:50:00,2019-01-02 18:50:00,21.821429828942655,-17.777309090909085,0.0,5050.469484450157,5.231953892668184,0.0,5055.701438342826,274572739.78655624,22.0,23.0,0.2,25.0,21.0,0.2,0.0,0.0,-5.055701438342826
2019-01-02 18:55:00,2019-01-02 18:55:00,21.821113038254737,-17.788405681818176,0.0,5059.429221078154,5.231953892668184,0.0,5064.661174970823,276090801.8205798,22.0,23.0,0.2,25.0,21.0,0.2,0.0,0.0,-5.064661174970823
2019-01-02 19:00:00,2019-01-02 19:00:00,21.820789058605158,-17.809831649831665,0.0,5068.592281874331,5.231953892668184,0.0,5073.824235767,277611579.398758,22.0,23.0,0.2,25.0,21.0,0.2,0.0,0.0,-5.073824235767
2019-01-02 19:05:00,2019-01-02 19:05:00,21.820480126232383,-17.840376683501688,0.0,5077.329763124531,5.231953892668184,0.0,5082.5617170172,279135059.98053896,22.0,23.0,0.2,25.0,21.0,0.2,0.0,0.0,-5.0825617170172
2019-01-02 19:10:00,2019-01-02 19:10:00,21.820187803866077,-17.878181818181815,0.0,5085.597466413996,5.231953892668184,0.0,5090.829420306664,280661090.57635045,22.0,23.0,0.2,25.0,21.0,0.2,0.0,0.0,-5.090829420306664
2019-01-02 19:15:00,2019-01-02 19:15:00,21.819912362585285,-17.921668771043784,0.0,5093.3877248606295,5.231953892668184,0.0,5098.619678753298,282189527.5026213,22.0,23.0,0.2,25.0,21.0,0.2,0.0,0.0,-5.098619678753298
2019-01-02 19:20:00,2019-01-02 19:20:00,21.819653582451224,-17.969259259259275,0.0,5100.706758955284,5.231953892668184,0.0,5105.938712847953,283720230.27300775,22.0,23.0,0.2,25.0,21.0,0.2,0.0,0.0,-5.105938712847953
2019-01-02 19:25:00,2019-01-02 19:25:00,21.819411193296332,-18.019374999999997,0.0,5107.562209800701,5.231953892668184,0.0,5112.794163693369,285253059.00360346,22.0,23.0,0.2,25.0,21.0,0.2,0.0,0.0,-5.112794163693369
2019-01-02 19:30:00,2019-01-02 19:30:00,21.819184641509196,-18.070437710437716,0.0,5113.969735093449,5.231953892668184,0.0,5119.201688986118,286787876.11661357,22.0,23.0,0.2,25.0,21.0,0.2,0.0,0.0,-5.119201688986118
2019-01-02 19:35:00,2019-01-02 19:35:00,21.818972831208043,-18.120869107744113,0.0,5119.9603294694825,5.231953892668184,0.0,5125.192283362151,288324551.62428266,22.0,23.0,0.2,25.0,21.0,0.2,0.0,0.0,-5.125192283362151
2019-01-02 19:40:00,2019-01-02 19:40:00,21.81877360990063,-18.169090909090926,0.0,5125.59487149729,5.231953892668184,0.0,5130.826825389959,289862969.21216327,22.0,23.0,0.2,25.0,21.0,0.2,0.0,0.0,-5.130826825389959
2019-01-02 19:45:00,2019-01-02 19:45:00,21.818583826609768,-18.213524831649835,0.0,5130.962479723746,5.231953892668184,0.0,5136.194433616414,291403034.93207777,22.0,23.0,0.2,25.0,21.0,0.2,0.0,0.0,-5.1361944336164145
2019-01-02 19:50:00,2019-01-02 19:50:00,21.81839953187807,-18.252592592592578,0.0,5136.174855973731,5.231953892668184,0.0,5141.406809866399,292944685.91620505,22.0,23.0,0.2,25.0,21.0,0.2,0.0,0.0,-5.1414068098664
2019-01-02 19:55:00,2019-01-02 19:55:00,21.818216020341254,-18.28471590909092,0.0,5141.365081257473,5.231953892668184,0.0,5146.597035150142,294487893.14709455,22.0,23.0,0.2,25.0,21.0,0.2,0.0,0.0,-5.146597035150142
2019-01-02 20:00:00,2019-01-02 20:00:00,21.81803170149567,-18.30795791245791,0.0,5146.578139516406,5.231953892668184,0.0,5151.810093409074,296032679.6634156,22.0,23.0,0.2,25.0,21.0,0.2,0.0,0.0,-5.1518100934090745
2019-01-02 20:05:00,2019-01-02 20:05:00,21.817871727774218,-18.318815446127957,0.0,5151.102648809996,5.231953892668184,0.0,5156.334602702665,297578932.7005975,22.0,23.0,0.2,25.0,21.0,0.2,0.0,0.0,-5.156334602702665
2019-01-02 20:10:00,2019-01-02 20:10:00,21.817731678318523,-18.318909090909102,0.0,5155.0636435165125,5.231953892668184,0.0,5160.295597409181,299126461.4007367,22.0,23.0,0.2,25.0,21.0,0.2,0.0,0.0,-5.160295597409181
2019-01-02 20:15:00,2019-01-02 20:15:00,21.817609028291315,-18.310921927609428,0.0,5158.532533174927,5.231953892668184,0.0,5163.764487067596,300675102.72144747,22.0,23.0,0.2,25.0,21.0,0.2,0.0,0.0,-5.163764487067596
2019-01-02 20:20:00,2019-01-02 20:20:00,21.81749935821898,-18.297537037037046,0.0,5161.634312998508,5.231953892668184,0.0,5166.866266891177,302224728.7510073,22.0,23.0,0.2,25.0,21.0,0.2,0.0,0.0,-5.1668662668911765
2019-01-02 20:25:00,2019-01-02 20:25:00,21.81739822963857,-18.28143750000001,0.0,5164.494515272761,5.231953892668184,0.0,5169.72646916543,303775250.0784127,22.0,23.0,0.2,25.0,21.0,0.2,0.0,0.0,-5.16972646916543
2019-01-02 20:30:00,2019-01-02 20:30:00,21.817301025855272,-18.265306397306404,0.0,5167.243713184221,5.231953892668184,0.0,5172.475667076889,305326619.18254834,22.0,23.0,0.2,25.0,21.0,0.2,0.0,0.0,-5.172475667076889
2019-01-02 20:35:00,2019-01-02 20:35:00,21.81720205443753,-18.25182680976431,0.0,5170.042904797131,5.231953892668184,0.0,5175.2748586898,306878805.9344614,22.0,23.0,0.2,25.0,21.0,0.2,0.0,0.0,-5.1752748586898
2019-01-02 20:40:00,2019-01-02 20:40:00,21.817095976917358,-18.243681818181813,0.0,5173.04307708483,5.231953892668184,0.0,5178.275030977498,308431862.5688655,22.0,23.0,0.2,25.0,21.0,0.2,0.0,0.0,-5.178275030977498
2019-01-02 20:45:00,2019-01-02 20:45:00,21.816976431588955,-18.243554503366994,0.0,5176.424157080056,5.231953892668184,0.0,5181.6561109727245,309985865.47758996,22.0,23.0,0.2,25.0,21.0,0.2,0.0,0.0,-5.181656110972725
2019-01-02 20:50:00,2019-01-02 20:50:00,21.816837350768196,-18.254127946127937,0.0,5180.357756051014,5.231953892668184,0.0,5185.5897099436825,311540955.0778567,22.0,23.0,0.2,25.0,21.0,0.2,0.0,0.0,-5.185589709943683
2019-01-02 20:55:00,2019-01-02 20:55:00,21.816672029335848,-18.278085227272726,0.0,5185.0335137335915,5.231953892668184,0.0,5190.26546762626,313097329.2805222,22.0,23.0,0.2,25.0,21.0,0.2,0.0,0.0,-5.19026546762626
2019-01-02 21:00:00,2019-01-02 21:00:00,21.816478427154095,-18.316925462962956,0.0,5190.509130995287,5.231953892668184,0.0,5195.741084887955,314655234.6767886,22.0,23.0,0.2,25.0,21.0,0.2,0.0,0.0,-5.195741084887955
2019-01-02 21:05:00,2019-01-02 21:05:00,21.816286887737363,-18.361347627314814,0.0,5195.926407428129,5.231953892668184,0.0,5201.158361320798,316214763.67023295,22.0,23.0,0.2,25.0,21.0,0.2,0.0,0.0,-5.201158361320798
2019-01-02 21:10:00,2019-01-02 21:10:00,21.816086455242612,-18.4084,0.0,5201.595205259461,5.231953892668184,0.0,5206.82715915213,317775966.6245162,22.0,23.0,0.2,25.0,21.0,0.2,0.0,0.0,-5.206827159152129
2019-01-02 21:15:00,2019-01-02 21:15:00,21.815878888793236,-18.457605150462967,0.0,5207.465771504437,5.231953892668184,0.0,5212.697725397105,319338902.9089348,22.0,23.0,0.2,25.0,21.0,0.2,0.0,0.0,-5.212697725397105
2019-01-02 21:20:00,2019-01-02 21:20:00,21.81566595568455,-18.508485648148138,0.0,5213.4881220531,5.231953892668184,0.0,5218.720075945768,320903623.1574573,22.0,23.0,0.2,25.0,21.0,0.2,0.0,0.0,-5.218720075945768
2019-01-02 21:25:00,2019-01-02 21:25:00,21.815448683684167,-18.560564062499992,0.0,5219.6331887306305,5.231953892668184,0.0,5224.865142623299,322470169.7316106,22.0,23.0,0.2,25.0,21.0,0.2,0.0,0.0,-5.224865142623299
2019-01-02 21:30:00,2019-01-02 21:30:00,21.81522822652812,-18.613362962962952,0.0,5225.868340618826,5.231953892668184,0.0,5231.100294511494,324038574.49316925,22.0,23.0,0.2,25.0,21.0,0.2,0.0,0.0,-5.231100294511494
2019-01-02 21:35:00,2019-01-02 21:35:00,21.815005898474908,-18.66640491898147,0.0,5232.156406770279,5.231953892668184,0.0,5237.388360662948,325608856.55408406,22.0,23.0,0.2,25.0,21.0,0.2,0.0,0.0,-5.237388360662948
2019-01-02 21:40:00,2019-01-02 21:40:00,21.814783070329838,-18.719212499999998,0.0,5238.458616933869,5.231953892668184,0.0,5243.690570826538,327181028.70722085,22.0,23.0,0.2,25.0,21.0,0.2,0.0,0.0,-5.243690570826538
2019-01-02 21:45:00,2019-01-02 21:45:00,21.8145611081236,-18.771308275462957,0.0,5244.7363358982275,5.231953892668184,0.0,5249.968289790896,328755090.10975844,22.0,23.0,0.2,25.0,21.0,0.2,0.0,0.0,-5.249968289790896
2019-01-02 21:50:00,2019-01-02 21:50:00,21.814341389986282,-18.8222148148148,0.0,5250.950586246566,5.231953892668184,0.0,5256.182540139234,330331029.02854955,22.0,23.0,0.2,25.0,21.0,0.2,0.0,0.0,-5.256182540139235
2019-01-02 21:55:00,2019-01-02 21:55:00,21.814125282053737,-18.871454687500005,0.0,5257.062729793284,5.231953892668184,0.0,5262.294683685953,331908845.58557284,22.0,23.0,0.2,25.0,21.0,0.2,0.0,0.0,-5.262294683685953
2019-01-02 22:00:00,2019-01-02 22:00:00,21.813913560849755,-18.918711802079855,0.0,5263.050804249342,5.231953892668184,0.0,5268.282758142011,333488478.68816686,22.0,23.0,0.2,25.0,21.0,0.2,0.0,0.0,-5.268282758142011
2019-01-02 22:05:00,2019-01-02 22:05:00,21.81370132646282,-18.965124078071113,0.0,5269.0533929707635,5.231953892668184,0.0,5274.285346863432,335069918.0730343,22.0,23.0,0.2,25.0,21.0,0.2,0.0,0.0,-5.274285346863432
2019-01-02 22:10:00,2019-01-02 22:10:00,21.813490646459,-19.010930930930925,0.0,5275.012019341366,5.231953892668184,0.0,5280.2439732340345,336653170.61822724,22.0,23.0,0.2,25.0,21.0,0.2,0.0,0.0,-5.280243973234034
2019-01-02 22:15:00,2019-01-02 22:15:00,21.81328128550797,-19.05603134818847,0.0,5280.933339168549,5.231953892668184,0.0,5286.165293061217,338238222.1916468,22.0,23.0,0.2,25.0,21.0,0.2,0.0,0.0,-5.2861652930612175
2019-01-02 22:20:00,2019-01-02 22:20:00,21.813073815409837,-19.100324317372923,0.0,5286.801180327851,5.231953892668184,0.0,5292.03313422052,339824988.9498408,22.0,23.0,0.2,25.0,21.0,0.2,0.0,0.0,-5.29203313422052
2019-01-02 22:25:00,2019-01-02 22:25:00,21.812868483477587,-19.143708826013523,0.0,5292.6085481086575,5.231953892668184,0.0,5297.840502001326,341413509.2759231,22.0,23.0,0.2,25.0,21.0,0.2,0.0,0.0,-5.297840502001326
2019-01-02 22:30:00,2019-01-02 22:30:00,21.812665743051298,-19.186083861639418,0.0,5298.342620771376,5.231953892668184,0.0,5303.574574664044,343003762.8835437,22.0,23.0,0.2,25.0,21.0,0.2,0.0,0.0,-5.303574574664044
2019-01-02 22:35:00,2019-01-02 22:35:00,21.81246594891917,-19.227348411779843,0.0,5303.993363902304,5.231953892668184,0.0,5309.225317794972,344595780.0749028,22.0,23.0,0.2,25.0,21.0,0.2,0.0,0.0,-5.309225317794972
2019-01-02 22:40:00,2019-01-02 22:40:00,21.81226978783451,-19.26740146396395,0.0,5309.541354175494,5.231953892668184,0.0,5314.773308068163,346189476.9216727,22.0,23.0,0.2,25.0,21.0,0.2,0.0,0.0,-5.314773308068163
2019-01-02 22:45:00,2019-01-02 22:45:00,21.81207758738634,-19.306142005721,0.0,5314.977326446926,5.231953892668184,0.0,5320.209280339594,347784826.77283716,22.0,23.0,0.2,25.0,21.0,0.2,0.0,0.0,-5.320209280339594
2019-01-02 22:50:00,2019-01-02 22:50:00,21.81189000536699,-19.343469024580145,0.0,5320.282676489161,5.231953892668184,0.0,5325.514630381829,349381794.3456688,22.0,23.0,0.2,25.0,21.0,0.2,0.0,0.0,-5.3255146303818295
2019-01-02 22:55:00,2019-01-02 22:55:00,21.811707477299592,-19.379281508070562,0.0,5325.445086476186,5.231953892668184,0.0,5330.677040368854,350980305.3348658,22.0,23.0,0.2,25.0,21.0,0.2,0.0,0.0,-5.330677040368855
2019-01-02 23:00:00,2019-01-02 23:00:00,21.811540278593498,-19.411093746009385,0.0,5330.173938769767,5.231953892668184,0.0,5335.405892662436,352580303.6329731,22.0,23.0,0.2,25.0,21.0,0.2,0.0,0.0,-5.335405892662435
2019-01-02 23:05:00,2019-01-02 23:05:00,21.811467792312556,-19.41837443590711,0.0,5332.224055806511,5.231953892668184,0.0,5337.45600969918,354181271.33256954,22.0,23.0,0.2,25.0,21.0,0.2,0.0,0.0,-5.33745600969918
2019-01-02 23:10:00,2019-01-02 23:10:00,21.811454005763153,-19.400342119897687,0.0,5332.613978415876,5.231953892668184,0.0,5337.845932308544,355782619.0684065,22.0,23.0,0.2,25.0,21.0,0.2,0.0,0.0,-5.337845932308545
2019-01-02 23:15:00,2019-01-02 23:15:00,21.81149491963339,-19.36187996046459,0.0,5331.456818449587,5.231953892668184,0.0,5336.688772342256,357383833.1700203,22.0,23.0,0.2,25.0,21.0,0.2,0.0,0.0,-5.336688772342256
2019-01-02 23:20:00,2019-01-02 23:20:00,21.8115824908823,-19.307871120091278,0.0,5328.980055854099,5.231953892668184,0.0,5334.212009746768,358984487.32397383,22.0,23.0,0.2,25.0,21.0,0.2,0.0,0.0,-5.334212009746768
2019-01-02 23:25:00,2019-01-02 23:25:00,21.811705658101175,-19.243198761261255,0.0,5325.49653855262,5.231953892668184,0.0,5330.728492445289,360584235.3193789,22.0,23.0,0.2,25.0,21.0,0.2,0.0,0.0,-5.330728492445289
2019-01-02 23:30:00,2019-01-02 23:30:00,21.81185294202703,-19.172746046457974,0.0,5321.3309325688315,5.231953892668184,0.0,5326.5628864615,362182832.9846952,22.0,23.0,0.2,25.0,21.0,0.2,0.0,0.0,-5.3265628864615
2019-01-02 23:35:00,2019-01-02 23:35:00,21.81201237014045,-19.101396138164915,0.0,5316.8218546135095,5.231953892668184,0.0,5322.053808506178,363780119.1536259,22.0,23.0,0.2,25.0,21.0,0.2,0.0,0.0,-5.322053808506178
2019-01-02 23:40:00,2019-01-02 23:40:00,21.812170978237077,-19.034032198865532,0.0,5312.335969052363,5.231953892668184,0.0,5317.567922945032,365376047.3929368,22.0,23.0,0.2,25.0,21.0,0.2,0.0,0.0,-5.317567922945032
2019-01-02 23:45:00,2019-01-02 23:45:00,21.81231459048348,-18.975537391043304,0.0,5308.274208548,5.231953892668184,0.0,5313.506162440669,366970676.5804106,22.0,23.0,0.2,25.0,21.0,0.2,0.0,0.0,-5.313506162440669
2019-01-02 23:50:00,2019-01-02 23:50:00,21.81243080260839,-18.93079487718171,0.0,5304.987400974843,5.231953892668184,0.0,5310.219354867511,368564206.75761557,22.0,23.0,0.2,25.0,21.0,0.2,0.0,0.0,-5.310219354867511
2019-01-02 23:55:00,2019-01-02 23:55:00,21.812510213983956,-18.904687819764206,0.0,5302.741422676007,5.231953892668184,0.0,5307.973376568675,370156897.1418959,22.0,23.0,0.2,25.0,21.0,0.2,0.0,0.0,-5.307973376568675
