Time,CORE_ZN ZN:CHICAGO OHARE INTL AP ANN HTG 99.6% CONDNS DB:Des Heat Load [W],CORE_ZN ZN:CHICAGO OHARE INTL AP ANN CLG .4% CONDNS DB=>MWB:Des Sens Cool Load [W],CORE_ZN ZN:CHICAGO OHARE INTL AP ANN HTG 99.6% CONDNS DB:Des Heat Mass Flow [kg/s],CORE_ZN ZN:CHICAGO OHARE INTL AP ANN CLG .4% CONDNS DB=>MWB:Des Cool Mass Flow [kg/s],PERIMETER_ZN_1 ZN:CHICAGO OHARE INTL AP ANN HTG 99.6% CONDNS DB:Des Heat Load [W],PERIMETER_ZN_1 ZN:CHICAGO OHARE INTL AP ANN CLG .4% CONDNS DB=>MWB:Des Sens Cool Load [W],PERIMETER_ZN_1 ZN:CHICAGO OHARE INTL AP ANN HTG 99.6% CONDNS DB:Des Heat Mass Flow [kg/s],PERIMETER_ZN_1 ZN:CHICAGO OHARE INTL AP ANN CLG .4% CONDNS DB=>MWB:Des Cool Mass Flow [kg/s],PERIMETER_ZN_2 ZN:CHICAGO OHARE INTL AP ANN HTG 99.6% CONDNS DB:Des Heat Load [W],PERIMETER_ZN_2 ZN:CHICAGO OHARE INTL AP ANN CLG .4% CONDNS DB=>MWB:Des Sens Cool Load [W],PERIMETER_ZN_2 ZN:CHICAGO OHARE INTL AP ANN HTG 99.6% CONDNS DB:Des Heat Mass Flow [kg/s],PERIMETER_ZN_2 ZN:CHICAGO OHARE INTL AP ANN CLG .4% CONDNS DB=>MWB:Des Cool Mass Flow [kg/s],PERIMETER_ZN_3 ZN:CHICAGO OHARE INTL AP ANN HTG 99.6% CONDNS DB:Des Heat Load [W],PERIMETER_ZN_3 ZN:CHICAGO OHARE INTL AP ANN CLG .4% CONDNS DB=>MWB:Des Sens Cool Load [W],PERIMETER_ZN_3 ZN:CHICAGO OHARE INTL AP ANN HTG 99.6% CONDNS DB:Des Heat Mass Flow [kg/s],PERIMETER_ZN_3 ZN:CHICAGO OHARE INTL AP ANN CLG .4% CONDNS DB=>MWB:Des Cool Mass Flow [kg/s],PERIMETER_ZN_4 ZN:CHICAGO OHARE INTL AP ANN HTG 99.6% CONDNS DB:Des Heat Load [W],PERIMETER_ZN_4 ZN:CHICAGO OHARE INTL AP ANN CLG .4% CONDNS DB=>MWB:Des Sens Cool Load [W],PERIMETER_ZN_4 ZN:CHICAGO OHARE INTL AP ANN HTG 99.6% CONDNS DB:Des Heat Mass Flow [kg/s],PERIMETER_ZN_4 ZN:CHICAGO OHARE INTL AP ANN CLG .4% CONDNS DB=>MWB:Des Cool Mass Flow [kg/s]
00:10:00,1.102756E+03,2.457078E+03,3.743298E-02,2.166709E-01,3.511183E+03,1.952275E+03,1.191762E-01,1.721669E-01,2.136662E+03,1.183298E+03,7.252177E-02,1.043530E-01,3.270371E+03,1.935531E+03,1.110026E-01,1.706904E-01,2.159181E+03,1.290857E+03,7.328607E-02,1.138379E-01
00:20:00,1.102759E+03,2.451193E+03,3.743310E-02,2.161520E-01,3.511194E+03,1.938795E+03,1.191766E-01,1.709783E-01,2.136669E+03,1.174653E+03,7.252201E-02,1.035906E-01,3.270382E+03,1.922616E+03,1.110030E-01,1.695515E-01,2.159188E+03,1.278021E+03,7.328631E-02,1.127059E-01
00:30:00,1.102762E+03,2.445480E+03,3.743320E-02,2.156482E-01,3.511204E+03,1.925717E+03,1.191769E-01,1.698250E-01,2.136676E+03,1.166271E+03,7.252223E-02,1.028515E-01,3.270392E+03,1.910113E+03,1.110033E-01,1.684490E-01,2.159194E+03,1.265682E+03,7.328653E-02,1.116178E-01
00:40:00,1.102765E+03,2.439924E+03,3.743331E-02,2.151584E-01,3.511213E+03,1.913040E+03,1.191772E-01,1.687071E-01,2.136682E+03,1.158123E+03,7.252245E-02,1.021329E-01,3.270402E+03,1.897980E+03,1.110036E-01,1.673790E-01,2.159200E+03,1.253812E+03,7.328674E-02,1.105711E-01
00:50:00,1.102768E+03,2.434515E+03,3.743340E-02,2.146814E-01,3.511222E+03,1.900760E+03,1.191775E-01,1.676242E-01,2.136688E+03,1.150187E+03,7.252265E-02,1.014331E-01,3.270411E+03,1.886183E+03,1.110039E-01,1.663387E-01,2.159206E+03,1.242389E+03,7.328694E-02,1.095638E-01
01:00:00,1.102771E+03,2.429243E+03,3.743350E-02,2.142165E-01,3.511231E+03,1.888827E+03,1.191778E-01,1.665719E-01,2.136694E+03,1.142444E+03,7.252284E-02,1.007504E-01,3.270420E+03,1.874689E+03,1.110042E-01,1.653251E-01,2.159212E+03,1.231403E+03,7.328713E-02,1.085950E-01
01:10:00,1.102773E+03,2.424099E+03,3.743358E-02,2.137630E-01,3.511239E+03,1.877280E+03,1.191781E-01,1.655537E-01,2.136699E+03,1.134931E+03,7.252302E-02,1.000877E-01,3.270428E+03,1.863544E+03,1.110045E-01,1.643424E-01,2.159217E+03,1.220854E+03,7.328731E-02,1.076647E-01
01:20:00,1.102776E+03,2.419078E+03,3.743367E-02,2.133202E-01,3.511246E+03,1.866104E+03,1.191783E-01,1.645682E-01,2.136704E+03,1.127625E+03,7.252319E-02,9.944346E-02,3.270436E+03,1.852719E+03,1.110048E-01,1.633877E-01,2.159222E+03,1.210715E+03,7.328748E-02,1.067706E-01
01:30:00,1.102778E+03,2.414173E+03,3.743375E-02,2.128877E-01,3.511254E+03,1.855281E+03,1.191786E-01,1.636137E-01,2.136709E+03,1.120525E+03,7.252335E-02,9.881739E-02,3.270443E+03,1.842233E+03,1.110050E-01,1.624631E-01,2.159227E+03,1.200962E+03,7.328765E-02,1.059106E-01
01:40:00,1.102781E+03,2.409383E+03,3.743382E-02,2.124653E-01,3.511261E+03,1.844781E+03,1.191788E-01,1.626878E-01,2.136714E+03,1.113645E+03,7.252351E-02,9.821068E-02,3.270450E+03,1.832096E+03,1.110053E-01,1.615691E-01,2.159232E+03,1.191573E+03,7.328781E-02,1.050827E-01
01:50:00,1.102783E+03,2.404704E+03,3.743390E-02,2.120527E-01,3.511267E+03,1.834585E+03,1.191790E-01,1.617887E-01,2.136718E+03,1.106991E+03,7.252366E-02,9.762385E-02,3.270457E+03,1.822310E+03,1.110055E-01,1.607061E-01,2.159236E+03,1.182525E+03,7.328796E-02,1.042848E-01
02:00:00,1.102785E+03,2.400134E+03,3.743397E-02,2.116498E-01,3.511274E+03,1.824721E+03,1.191793E-01,1.609188E-01,2.136722E+03,1.100564E+03,7.252381E-02,9.705713E-02,3.270463E+03,1.812876E+03,1.110057E-01,1.598742E-01,2.159240E+03,1.173788E+03,7.328810E-02,1.035143E-01
02:10:00,1.102787E+03,2.395673E+03,3.743404E-02,2.112564E-01,3.511280E+03,1.815128E+03,1.191795E-01,1.600728E-01,2.136727E+03,1.094319E+03,7.252395E-02,9.650641E-02,3.270470E+03,1.803721E+03,1.110059E-01,1.590669E-01,2.159245E+03,1.165325E+03,7.328824E-02,1.027680E-01
02:20:00,1.102789E+03,2.391317E+03,3.743410E-02,2.108723E-01,3.511286E+03,1.805802E+03,1.191797E-01,1.592504E-01,2.136731E+03,1.088252E+03,7.252408E-02,9.597141E-02,3.270476E+03,1.794840E+03,1.110061E-01,1.582837E-01,2.159249E+03,1.157130E+03,7.328838E-02,1.020453E-01
02:30:00,1.102791E+03,2.387066E+03,3.743417E-02,2.104974E-01,3.511292E+03,1.796742E+03,1.191799E-01,1.584515E-01,2.136734E+03,1.082362E+03,7.252421E-02,9.545198E-02,3.270481E+03,1.786228E+03,1.110063E-01,1.575243E-01,2.159252E+03,1.149199E+03,7.328851E-02,1.013459E-01
02:40:00,1.102792E+03,2.382917E+03,3.743423E-02,2.101316E-01,3.511297E+03,1.787947E+03,1.191800E-01,1.576758E-01,2.136738E+03,1.076647E+03,7.252434E-02,9.494794E-02,3.270487E+03,1.777882E+03,1.110065E-01,1.567883E-01,2.159256E+03,1.141525E+03,7.328863E-02,1.006692E-01
02:50:00,1.102794E+03,2.378868E+03,3.743429E-02,2.097746E-01,3.511303E+03,1.779414E+03,1.191802E-01,1.569234E-01,2.136742E+03,1.071103E+03,7.252446E-02,9.445911E-02,3.270492E+03,1.769797E+03,1.110067E-01,1.560753E-01,2.159260E+03,1.134102E+03,7.328875E-02,1.000146E-01
03:00:00,1.102796E+03,2.374917E+03,3.743434E-02,2.094261E-01,3.511308E+03,1.771141E+03,1.191804E-01,1.561939E-01,2.136745E+03,1.065730E+03,7.252458E-02,9.398529E-02,3.270497E+03,1.761969E+03,1.110069E-01,1.553850E-01,2.159263E+03,1.126924E+03,7.328887E-02,9.938161E-02
03:10:00,1.102798E+03,2.371061E+03,3.743440E-02,2.090861E-01,3.511313E+03,1.763042E+03,1.191806E-01,1.554797E-01,2.136748E+03,1.060474E+03,7.252469E-02,9.352175E-02,3.270502E+03,1.754316E+03,1.110070E-01,1.547102E-01,2.159266E+03,1.119934E+03,7.328898E-02,9.876520E-02
03:20:00,1.102799E+03,2.367297E+03,3.743445E-02,2.087542E-01,3.511318E+03,1.755107E+03,1.191807E-01,1.547799E-01,2.136752E+03,1.055328E+03,7.252480E-02,9.306801E-02,3.270507E+03,1.746831E+03,1.110072E-01,1.540501E-01,2.159270E+03,1.113122E+03,7.328909E-02,9.816452E-02
03:30:00,1.102801E+03,2.363621E+03,3.743451E-02,2.084301E-01,3.511322E+03,1.747329E+03,1.191809E-01,1.540940E-01,2.136755E+03,1.050289E+03,7.252491E-02,9.262361E-02,3.270512E+03,1.739505E+03,1.110074E-01,1.534040E-01,2.159273E+03,1.106480E+03,7.328920E-02,9.757876E-02
03:40:00,1.102802E+03,2.360030E+03,3.743456E-02,2.081135E-01,3.511327E+03,1.739700E+03,1.191811E-01,1.534212E-01,2.136758E+03,1.045351E+03,7.252501E-02,9.218819E-02,3.270517E+03,1.732330E+03,1.110075E-01,1.527714E-01,2.159276E+03,1.099999E+03,7.328930E-02,9.700726E-02
03:50:00,1.102804E+03,2.356520E+03,3.743461E-02,2.078040E-01,3.511332E+03,1.732214E+03,1.191812E-01,1.527611E-01,2.136761E+03,1.040511E+03,7.252511E-02,9.176135E-02,3.270521E+03,1.725301E+03,1.110077E-01,1.521515E-01,2.159279E+03,1.093673E+03,7.328940E-02,9.644935E-02
04:00:00,1.102805E+03,2.353088E+03,3.743466E-02,2.075013E-01,3.511336E+03,1.724864E+03,1.191814E-01,1.521129E-01,2.136764E+03,1.035764E+03,7.252521E-02,9.134272E-02,3.270525E+03,1.718410E+03,1.110078E-01,1.515438E-01,2.159282E+03,1.087493E+03,7.328950E-02,9.590440E-02
04:10:00,1.102806E+03,2.349729E+03,3.743470E-02,2.072052E-01,3.511340E+03,1.717731E+03,1.191815E-01,1.514839E-01,2.136767E+03,1.031159E+03,7.252530E-02,9.093664E-02,3.270530E+03,1.711730E+03,1.110079E-01,1.509547E-01,2.159285E+03,1.081507E+03,7.328960E-02,9.537652E-02
04:20:00,1.102808E+03,2.346443E+03,3.743475E-02,2.069154E-01,3.511344E+03,1.710815E+03,1.191816E-01,1.508741E-01,2.136769E+03,1.026695E+03,7.252540E-02,9.054302E-02,3.270534E+03,1.705259E+03,1.110081E-01,1.503841E-01,2.159287E+03,1.075711E+03,7.328969E-02,9.486543E-02
04:30:00,1.102809E+03,2.343226E+03,3.743479E-02,2.066318E-01,3.511348E+03,1.704115E+03,1.191818E-01,1.502832E-01,2.136772E+03,1.022371E+03,7.252549E-02,9.016171E-02,3.270538E+03,1.698996E+03,1.110082E-01,1.498318E-01,2.159290E+03,1.070102E+03,7.328978E-02,9.437079E-02
04:40:00,1.102810E+03,2.340107E+03,3.743484E-02,2.063567E-01,3.511352E+03,1.698764E+03,1.191819E-01,1.498113E-01,2.136775E+03,1.020294E+03,7.252557E-02,8.997854E-02,3.270541E+03,1.695033E+03,1.110084E-01,1.494824E-01,2.159292E+03,1.065289E+03,7.328987E-02,9.394632E-02
04:50:00,1.102812E+03,2.337224E+03,3.743488E-02,2.061025E-01,3.511356E+03,1.695114E+03,1.191820E-01,1.494895E-01,2.136777E+03,1.024512E+03,7.252566E-02,9.035054E-02,3.270545E+03,1.696039E+03,1.110085E-01,1.495711E-01,2.159295E+03,1.061477E+03,7.328995E-02,9.361020E-02
05:00:00,1.102813E+03,2.334901E+03,3.743492E-02,2.058976E-01,3.511360E+03,1.693740E+03,1.191822E-01,1.493684E-01,2.136779E+03,1.040659E+03,7.252574E-02,9.177470E-02,3.270549E+03,1.703263E+03,1.110086E-01,1.502083E-01,2.159297E+03,1.058994E+03,7.329003E-02,9.339127E-02
05:10:00,1.102814E+03,2.333578E+03,3.743496E-02,2.057810E-01,3.511363E+03,1.695286E+03,1.191823E-01,1.495048E-01,2.136782E+03,1.069840E+03,7.252582E-02,9.434849E-02,3.270552E+03,1.719776E+03,1.110087E-01,1.516648E-01,2.159300E+03,1.058238E+03,7.329011E-02,9.332463E-02
05:20:00,1.102815E+03,2.333688E+03,3.743500E-02,2.057908E-01,3.511367E+03,1.697912E+03,1.191824E-01,1.497365E-01,2.136784E+03,1.117942E+03,7.252590E-02,9.859103E-02,3.270556E+03,1.746954E+03,1.110088E-01,1.540619E-01,2.159302E+03,1.058063E+03,7.329019E-02,9.330929E-02
05:30:00,1.102816E+03,2.335433E+03,3.743504E-02,2.059438E-01,3.511370E+03,1.703537E+03,1.191825E-01,1.502318E-01,2.136786E+03,1.184467E+03,7.252597E-02,1.044578E-01,3.270559E+03,1.780176E+03,1.110090E-01,1.569911E-01,2.159304E+03,1.059520E+03,7.329027E-02,9.343727E-02
05:40:00,1.102817E+03,2.339232E+03,3.743508E-02,2.062771E-01,3.511373E+03,1.712074E+03,1.191826E-01,1.509828E-01,2.136789E+03,1.268590E+03,7.252605E-02,1.118755E-01,3.270562E+03,1.818172E+03,1.110091E-01,1.603400E-01,2.159306E+03,1.062488E+03,7.329034E-02,9.369794E-02
05:50:00,1.102819E+03,2.345109E+03,3.743511E-02,2.067930E-01,3.511376E+03,1.723502E+03,1.191827E-01,1.519882E-01,2.136791E+03,1.367149E+03,7.252612E-02,1.205657E-01,3.270566E+03,1.857308E+03,1.110092E-01,1.637887E-01,2.159309E+03,1.066816E+03,7.329041E-02,9.407813E-02
06:00:00,1.102820E+03,2.352980E+03,3.743515E-02,2.074846E-01,3.511380E+03,1.737674E+03,1.191828E-01,1.532351E-01,2.136793E+03,1.475224E+03,7.252619E-02,1.300943E-01,3.270569E+03,1.895402E+03,1.110093E-01,1.671451E-01,2.159311E+03,1.072312E+03,7.329048E-02,9.456109E-02
06:10:00,1.102821E+03,2.362438E+03,3.743519E-02,2.083160E-01,3.511383E+03,1.751778E+03,1.191829E-01,1.544761E-01,2.136795E+03,1.591944E+03,7.252626E-02,1.403850E-01,3.270572E+03,1.927541E+03,1.110094E-01,1.699762E-01,2.159313E+03,1.078802E+03,7.329055E-02,9.513164E-02
06:20:00,1.102822E+03,2.373013E+03,3.743522E-02,2.092459E-01,3.511386E+03,1.769730E+03,1.191830E-01,1.560562E-01,2.136797E+03,1.711197E+03,7.252633E-02,1.508986E-01,3.270575E+03,1.950426E+03,1.110095E-01,1.719910E-01,2.159315E+03,1.087500E+03,7.329062E-02,9.589685E-02
06:30:00,1.102823E+03,2.384362E+03,3.743525E-02,2.102446E-01,3.511388E+03,1.791146E+03,1.191831E-01,1.579425E-01,2.136799E+03,1.834738E+03,7.252639E-02,1.617902E-01,3.270578E+03,1.968946E+03,1.110096E-01,1.736214E-01,2.159317E+03,1.097931E+03,7.329068E-02,9.681531E-02
06:40:00,1.102824E+03,2.395949E+03,3.743529E-02,2.112650E-01,3.511391E+03,1.814612E+03,1.191832E-01,1.600103E-01,2.136800E+03,1.959769E+03,7.252645E-02,1.728137E-01,3.270580E+03,1.981267E+03,1.110097E-01,1.747061E-01,2.159318E+03,1.107791E+03,7.329074E-02,9.768385E-02
06:50:00,1.102825E+03,2.407382E+03,3.743532E-02,2.122725E-01,3.511394E+03,1.839802E+03,1.191833E-01,1.622307E-01,2.136802E+03,2.084402E+03,7.252651E-02,1.838025E-01,3.270583E+03,1.988266E+03,1.110098E-01,1.753222E-01,2.159320E+03,1.118107E+03,7.329081E-02,9.859300E-02
07:00:00,1.102826E+03,2.418200E+03,3.743535E-02,2.132259E-01,3.511397E+03,1.866401E+03,1.191834E-01,1.645757E-01,2.136804E+03,2.206968E+03,7.252657E-02,1.946091E-01,3.270586E+03,1.993234E+03,1.110098E-01,1.757595E-01,2.159322E+03,1.129055E+03,7.329087E-02,9.955807E-02
07:10:00,1.102826E+03,2.428217E+03,3.743538E-02,2.141087E-01,3.421886E+03,1.897222E+03,1.161453E-01,1.672929E-01,2.077130E+03,2.325620E+03,7.050115E-02,2.050706E-01,3.181075E+03,1.999957E+03,1.079717E-01,1.763517E-01,2.099648E+03,1.140869E+03,7.126544E-02,1.005995E-01
07:20:00,1.102827E+03,2.437498E+03,3.743541E-02,2.149266E-01,3.332261E+03,1.927255E+03,1.131034E-01,1.699405E-01,2.017376E+03,2.438174E+03,6.847315E-02,2.149940E-01,3.091441E+03,2.010481E+03,1.049296E-01,1.772789E-01,2.039895E+03,1.153457E+03,6.923747E-02,1.017090E-01
07:30:00,1.102828E+03,2.446328E+03,3.743543E-02,2.157048E-01,3.242649E+03,1.956809E+03,1.100621E-01,1.725459E-01,1.957634E+03,2.542053E+03,6.644561E-02,2.241524E-01,3.001829E+03,2.021909E+03,1.018882E-01,1.782859E-01,1.980153E+03,1.166326E+03,6.720994E-02,1.028435E-01
07:40:00,1.102828E+03,2.455030E+03,3.743543E-02,2.164718E-01,3.152982E+03,1.986720E+03,1.070190E-01,1.751827E-01,1.897856E+03,2.637687E+03,6.441692E-02,2.325837E-01,2.912163E+03,2.037374E+03,9.884518E-02,1.796489E-01,1.920375E+03,1.181433E+03,6.518124E-02,1.041752E-01
07:50:00,1.102827E+03,2.464018E+03,3.743540E-02,2.172640E-01,3.063274E+03,2.017006E+03,1.039747E-01,1.778526E-01,1.838052E+03,2.724791E+03,6.238741E-02,2.402627E-01,2.822460E+03,2.057461E+03,9.580093E-02,1.814195E-01,1.860570E+03,1.197779E+03,6.315171E-02,1.056161E-01
08:00:00,1.102825E+03,2.473692E+03,3.743532E-02,2.181168E-01,2.973530E+03,2.047530E+03,1.009292E-01,1.805434E-01,1.778225E+03,2.802949E+03,6.035717E-02,2.471528E-01,2.732723E+03,2.079916E+03,9.275563E-02,1.833988E-01,1.800742E+03,1.215133E+03,6.112146E-02,1.071459E-01
08:10:00,1.102821E+03,2.484349E+03,3.743520E-02,2.190561E-01,2.973267E+03,2.077638E+03,1.009209E-01,1.831975E-01,1.778052E+03,2.872244E+03,6.035176E-02,2.532616E-01,2.732469E+03,2.102901E+03,9.274759E-02,1.854248E-01,1.800569E+03,1.233132E+03,6.111603E-02,1.087325E-01
08:20:00,1.102816E+03,2.496072E+03,3.743501E-02,2.200896E-01,2.973089E+03,2.110221E+03,1.009154E-01,1.860698E-01,1.777942E+03,2.933456E+03,6.034833E-02,2.586579E-01,2.732310E+03,2.126355E+03,9.274264E-02,1.874922E-01,1.800456E+03,1.251858E+03,6.111255E-02,1.103833E-01
08:30:00,1.102809E+03,2.508804E+03,3.743478E-02,2.212121E-01,2.972872E+03,2.143408E+03,1.009085E-01,1.889958E-01,1.777801E+03,2.986294E+03,6.034388E-02,2.633163E-01,2.732104E+03,2.152944E+03,9.273607E-02,1.898364E-01,1.800315E+03,1.271275E+03,6.110807E-02,1.120952E-01
08:40:00,1.102800E+03,2.522367E+03,3.743450E-02,2.224080E-01,2.972686E+03,2.177136E+03,1.009026E-01,1.919695E-01,1.777682E+03,3.030230E+03,6.034009E-02,2.671900E-01,2.731928E+03,2.180566E+03,9.273046E-02,1.922718E-01,1.800194E+03,1.291276E+03,6.110425E-02,1.138587E-01
08:50:00,1.102791E+03,2.536620E+03,3.743419E-02,2.236648E-01,2.972518E+03,2.211836E+03,1.008973E-01,1.950290E-01,1.777574E+03,3.064950E+03,6.033667E-02,2.702512E-01,2.731768E+03,2.208738E+03,9.272537E-02,1.947557E-01,1.800086E+03,1.311799E+03,6.110080E-02,1.156682E-01
09:00:00,1.102781E+03,2.551412E+03,3.743385E-02,2.249690E-01,2.972367E+03,2.248884E+03,1.008925E-01,1.982956E-01,1.777476E+03,3.085346E+03,6.033355E-02,2.720494E-01,2.731623E+03,2.238304E+03,9.272071E-02,1.973625E-01,1.799987E+03,1.333391E+03,6.109767E-02,1.175720E-01
09:10:00,1.102771E+03,2.566634E+03,3.743349E-02,2.263115E-01,2.972230E+03,2.287433E+03,1.008881E-01,2.016948E-01,1.777388E+03,3.090930E+03,6.033072E-02,2.725420E-01,2.731491E+03,2.268253E+03,9.271646E-02,2.000034E-01,1.799899E+03,1.355411E+03,6.109483E-02,1.195137E-01
09:20:00,1.102760E+03,2.582114E+03,3.743312E-02,2.276767E-01,2.972107E+03,2.328459E+03,1.008842E-01,2.053126E-01,1.777308E+03,3.081573E+03,6.032815E-02,2.717172E-01,2.731370E+03,2.298253E+03,9.271258E-02,2.026490E-01,1.799818E+03,1.377663E+03,6.109225E-02,1.214759E-01
09:30:00,1.102749E+03,2.597709E+03,3.743275E-02,2.290518E-01,2.971996E+03,2.374174E+03,1.008806E-01,2.093435E-01,1.777236E+03,3.057466E+03,6.032582E-02,2.695916E-01,2.731261E+03,2.328139E+03,9.270904E-02,2.052842E-01,1.799746E+03,1.400041E+03,6.108991E-02,1.234490E-01
09:40:00,1.102738E+03,2.613399E+03,3.743238E-02,2.304356E-01,2.971896E+03,2.424998E+03,1.008774E-01,2.138252E-01,1.777170E+03,3.018610E+03,6.032370E-02,2.661656E-01,2.731162E+03,2.357860E+03,9.270583E-02,2.079051E-01,1.799681E+03,1.422508E+03,6.108780E-02,1.254302E-01
09:50:00,1.102727E+03,2.629031E+03,3.743202E-02,2.318140E-01,2.971806E+03,2.480814E+03,1.008744E-01,2.187469E-01,1.777111E+03,2.965203E+03,6.032180E-02,2.614563E-01,2.731072E+03,2.387246E+03,9.270291E-02,2.104963E-01,1.799622E+03,1.444950E+03,6.108589E-02,1.274092E-01
10:00:00,1.102717E+03,2.644603E+03,3.743166E-02,2.331873E-01,2.971725E+03,2.540612E+03,1.008718E-01,2.240199E-01,1.777058E+03,2.902655E+03,6.032007E-02,2.559414E-01,2.730990E+03,2.415326E+03,9.270026E-02,2.129724E-01,1.799569E+03,1.466725E+03,6.108416E-02,1.293293E-01
10:10:00,1.102707E+03,2.659986E+03,3.743131E-02,2.345437E-01,2.971651E+03,2.605120E+03,1.008694E-01,2.297081E-01,1.777011E+03,2.832191E+03,6.031851E-02,2.497281E-01,2.730916E+03,2.442684E+03,9.269785E-02,2.153848E-01,1.799521E+03,1.486466E+03,6.108261E-02,1.310700E-01
10:20:00,1.102697E+03,2.675186E+03,3.743098E-02,2.358840E-01,2.971586E+03,2.673405E+03,1.008673E-01,2.357292E-01,1.776968E+03,2.754848E+03,6.031710E-02,2.429084E-01,2.730850E+03,2.469503E+03,9.269567E-02,2.177496E-01,1.799478E+03,1.505388E+03,6.108120E-02,1.327384E-01
10:30:00,1.102687E+03,2.690248E+03,3.743066E-02,2.372127E-01,2.971526E+03,2.743208E+03,1.008654E-01,2.418849E-01,1.776929E+03,2.671836E+03,6.031583E-02,2.355893E-01,2.730789E+03,2.495860E+03,9.269369E-02,2.200742E-01,1.799439E+03,1.523762E+03,6.107993E-02,1.343589E-01
10:40:00,1.102678E+03,2.705006E+03,3.743035E-02,2.385145E-01,2.971473E+03,2.813443E+03,1.008636E-01,2.480786E-01,1.776894E+03,2.584889E+03,6.031468E-02,2.279231E-01,2.730734E+03,2.521638E+03,9.269189E-02,2.223478E-01,1.799404E+03,1.541521E+03,6.107878E-02,1.359252E-01
10:50:00,1.102670E+03,2.719512E+03,3.743006E-02,2.397944E-01,2.971425E+03,2.883464E+03,1.008620E-01,2.542537E-01,1.776862E+03,2.495942E+03,6.031363E-02,2.200808E-01,2.730684E+03,2.546907E+03,9.269026E-02,2.245766E-01,1.799373E+03,1.558713E+03,6.107775E-02,1.374415E-01
11:00:00,1.102661E+03,2.733680E+03,3.742978E-02,2.410442E-01,2.971381E+03,2.952531E+03,1.008606E-01,2.603443E-01,1.776833E+03,2.411010E+03,6.031269E-02,2.125924E-01,2.730639E+03,2.571590E+03,9.268877E-02,2.267536E-01,1.799344E+03,1.575292E+03,6.107681E-02,1.389038E-01
11:10:00,1.102654E+03,2.747559E+03,3.742952E-02,2.422685E-01,2.971342E+03,3.019825E+03,1.008593E-01,2.662786E-01,1.776807E+03,2.335943E+03,6.031183E-02,2.059738E-01,2.730598E+03,2.595569E+03,9.268742E-02,2.288684E-01,1.799318E+03,1.592854E+03,6.107595E-02,1.404525E-01
11:20:00,1.102646E+03,2.761168E+03,3.742927E-02,2.434690E-01,2.971307E+03,3.084786E+03,1.008581E-01,2.720071E-01,1.776784E+03,2.272674E+03,6.031105E-02,2.003955E-01,2.730561E+03,2.618839E+03,9.268619E-02,2.309208E-01,1.799295E+03,1.610229E+03,6.107518E-02,1.419850E-01
11:30:00,1.102639E+03,2.774549E+03,3.742904E-02,2.446495E-01,2.971274E+03,3.146919E+03,1.008571E-01,2.774864E-01,1.776762E+03,2.221979E+03,6.031035E-02,1.959259E-01,2.730527E+03,2.641430E+03,9.268507E-02,2.329133E-01,1.799274E+03,1.627156E+03,6.107448E-02,1.434779E-01
11:40:00,1.102633E+03,2.787688E+03,3.742881E-02,2.458089E-01,2.971245E+03,3.205722E+03,1.008561E-01,2.826724E-01,1.776743E+03,2.184100E+03,6.030970E-02,1.925866E-01,2.730496E+03,2.663320E+03,9.268405E-02,2.348444E-01,1.799254E+03,1.643567E+03,6.107384E-02,1.449254E-01
11:50:00,1.102627E+03,2.800570E+03,3.742860E-02,2.469457E-01,2.971218E+03,3.260749E+03,1.008552E-01,2.875256E-01,1.776725E+03,2.158830E+03,6.030911E-02,1.903591E-01,2.730468E+03,2.684501E+03,9.268311E-02,2.367130E-01,1.799237E+03,1.659412E+03,6.107325E-02,1.463231E-01
12:00:00,1.102621E+03,2.813192E+03,3.742841E-02,2.480595E-01,2.971194E+03,3.311605E+03,1.008544E-01,2.920109E-01,1.776709E+03,2.141520E+03,6.030857E-02,1.888336E-01,2.730442E+03,2.704981E+03,9.268225E-02,2.385197E-01,1.799221E+03,1.674655E+03,6.107272E-02,1.476678E-01
12:10:00,1.102615E+03,2.825517E+03,3.742822E-02,2.491472E-01,2.971171E+03,3.358149E+03,1.008536E-01,2.961161E-01,1.776694E+03,2.127227E+03,6.030808E-02,1.875741E-01,2.730418E+03,2.724898E+03,9.268147E-02,2.402769E-01,1.799206E+03,1.689390E+03,6.107222E-02,1.489677E-01
12:20:00,1.102610E+03,2.837484E+03,3.742804E-02,2.502033E-01,2.971151E+03,3.400049E+03,1.008530E-01,2.998117E-01,1.776680E+03,2.114950E+03,6.030762E-02,1.864922E-01,2.730396E+03,2.744228E+03,9.268074E-02,2.419823E-01,1.799192E+03,1.703601E+03,6.107177E-02,1.502213E-01
12:30:00,1.102605E+03,2.849201E+03,3.742788E-02,2.512369E-01,2.971132E+03,3.437134E+03,1.008523E-01,3.030822E-01,1.776668E+03,2.104406E+03,6.030720E-02,1.855629E-01,2.730376E+03,2.763074E+03,9.268007E-02,2.436445E-01,1.799180E+03,1.717352E+03,6.107136E-02,1.514341E-01
12:40:00,1.102601E+03,2.860251E+03,3.742772E-02,2.522132E-01,2.971114E+03,3.468924E+03,1.008517E-01,3.058874E-01,1.776656E+03,2.095194E+03,6.030682E-02,1.847518E-01,2.730358E+03,2.781117E+03,9.267946E-02,2.452374E-01,1.799168E+03,1.730462E+03,6.107097E-02,1.525913E-01
12:50:00,1.102596E+03,2.870878E+03,3.742757E-02,2.531523E-01,2.971098E+03,3.495372E+03,1.008512E-01,3.082218E-01,1.776646E+03,2.087219E+03,6.030646E-02,1.840500E-01,2.730341E+03,2.798535E+03,9.267889E-02,2.467753E-01,1.799158E+03,1.743036E+03,6.107062E-02,1.537013E-01
13:00:00,1.102592E+03,2.880916E+03,3.742743E-02,2.540395E-01,2.971083E+03,3.516275E+03,1.008507E-01,3.100674E-01,1.776636E+03,2.080248E+03,6.030612E-02,1.834368E-01,2.730325E+03,2.815199E+03,9.267836E-02,2.482468E-01,1.799148E+03,1.755011E+03,6.107029E-02,1.547584E-01
13:10:00,1.102588E+03,2.890343E+03,3.742730E-02,2.548728E-01,2.971069E+03,3.531478E+03,1.008502E-01,3.114103E-01,1.776626E+03,2.074080E+03,6.030581E-02,1.828942E-01,2.730310E+03,2.831007E+03,9.267786E-02,2.496428E-01,1.799139E+03,1.773943E+03,6.106998E-02,1.564292E-01
13:20:00,1.102585E+03,2.899182E+03,3.742717E-02,2.556543E-01,2.971056E+03,3.540972E+03,1.008498E-01,3.122498E-01,1.776618E+03,2.068540E+03,6.030552E-02,1.824071E-01,2.730296E+03,2.845961E+03,9.267740E-02,2.509635E-01,1.799130E+03,1.803350E+03,6.106969E-02,1.590236E-01
13:30:00,1.102581E+03,2.907228E+03,3.742705E-02,2.563659E-01,2.971044E+03,3.544648E+03,1.008494E-01,3.125763E-01,1.776610E+03,2.063369E+03,6.030525E-02,1.819525E-01,2.730284E+03,2.859851E+03,9.267697E-02,2.521904E-01,1.799122E+03,1.845054E+03,6.106942E-02,1.627026E-01
13:40:00,1.102578E+03,2.914970E+03,3.742694E-02,2.570487E-01,2.971033E+03,3.542949E+03,1.008490E-01,3.124264E-01,1.776602E+03,2.058609E+03,6.030500E-02,1.815330E-01,2.730272E+03,2.873034E+03,9.267657E-02,2.533531E-01,1.799115E+03,1.901003E+03,6.106917E-02,1.676368E-01
13:50:00,1.102575E+03,2.922163E+03,3.742683E-02,2.576830E-01,2.971022E+03,3.535919E+03,1.008487E-01,3.118063E-01,1.776595E+03,2.054016E+03,6.030476E-02,1.811280E-01,2.730260E+03,2.885297E+03,9.267619E-02,2.544344E-01,1.799108E+03,1.972486E+03,6.106893E-02,1.739407E-01
14:00:00,1.102571E+03,2.928961E+03,3.742673E-02,2.582824E-01,2.971012E+03,3.523868E+03,1.008483E-01,3.107435E-01,1.776588E+03,2.051305E+03,6.030453E-02,1.808889E-01,2.730250E+03,2.896724E+03,9.267583E-02,2.554420E-01,1.799101E+03,2.060428E+03,6.106870E-02,1.816960E-01
14:10:00,1.102569E+03,2.935394E+03,3.742663E-02,2.588496E-01,2.971003E+03,3.506957E+03,1.008480E-01,3.092521E-01,1.776582E+03,2.049053E+03,6.030431E-02,1.806904E-01,2.730240E+03,2.907202E+03,9.267550E-02,2.563659E-01,1.799095E+03,2.158072E+03,6.106849E-02,1.903070E-01
14:20:00,1.102566E+03,2.941444E+03,3.742654E-02,2.593831E-01,2.970994E+03,3.485513E+03,1.008477E-01,3.073609E-01,1.776576E+03,2.046860E+03,6.030411E-02,1.804971E-01,2.730230E+03,2.916693E+03,9.267518E-02,2.572027E-01,1.799089E+03,2.262476E+03,6.106829E-02,1.995140E-01
14:30:00,1.102563E+03,2.946921E+03,3.742645E-02,2.598650E-01,2.970985E+03,3.459756E+03,1.008474E-01,3.050884E-01,1.776570E+03,2.044491E+03,6.030392E-02,1.802876E-01,2.730221E+03,2.925023E+03,9.267487E-02,2.579363E-01,1.799083E+03,2.371889E+03,6.106809E-02,2.091617E-01
14:40:00,1.102561E+03,2.951964E+03,3.742636E-02,2.603076E-01,2.970977E+03,3.430618E+03,1.008471E-01,3.025167E-01,1.776565E+03,2.041910E+03,6.030373E-02,1.800587E-01,2.730213E+03,2.932318E+03,9.267459E-02,2.585774E-01,1.799077E+03,2.484507E+03,6.106791E-02,2.190907E-01
14:50:00,1.102558E+03,2.956535E+03,3.742628E-02,2.607086E-01,2.970969E+03,3.401284E+03,1.008469E-01,2.999276E-01,1.776559E+03,2.039004E+03,6.030356E-02,1.798010E-01,2.730205E+03,2.938544E+03,9.267431E-02,2.591243E-01,1.799072E+03,2.598921E+03,6.106774E-02,2.291778E-01
15:00:00,1.102556E+03,2.960578E+03,3.742620E-02,2.610629E-01,2.970961E+03,3.372828E+03,1.008466E-01,2.974160E-01,1.776554E+03,2.033858E+03,6.030339E-02,1.793459E-01,2.730197E+03,2.943644E+03,9.267405E-02,2.595718E-01,1.799067E+03,2.713826E+03,6.106757E-02,2.393080E-01
15:10:00,1.102554E+03,2.964053E+03,3.742612E-02,2.613672E-01,2.970954E+03,3.344451E+03,1.008464E-01,2.949115E-01,1.776550E+03,2.026812E+03,6.030323E-02,1.787233E-01,2.730189E+03,2.946414E+03,9.267380E-02,2.598140E-01,1.799063E+03,2.827115E+03,6.106741E-02,2.492955E-01
15:20:00,1.102551E+03,2.966909E+03,3.742605E-02,2.616169E-01,2.970947E+03,3.317556E+03,1.008461E-01,2.925377E-01,1.776545E+03,2.018574E+03,6.030307E-02,1.779955E-01,2.730182E+03,2.947502E+03,9.267357E-02,2.599078E-01,1.799058E+03,2.934146E+03,6.106726E-02,2.587311E-01
15:30:00,1.102549E+03,2.969177E+03,3.742598E-02,2.618152E-01,2.970941E+03,3.293384E+03,1.008459E-01,2.904044E-01,1.776541E+03,2.009279E+03,6.030293E-02,1.771747E-01,2.730176E+03,2.947033E+03,9.267334E-02,2.598646E-01,1.799054E+03,3.032897E+03,6.106711E-02,2.674368E-01
15:40:00,1.102547E+03,2.970745E+03,3.742591E-02,2.619525E-01,2.970935E+03,3.271964E+03,1.008457E-01,2.885146E-01,1.776537E+03,1.998885E+03,6.030278E-02,1.762574E-01,2.730169E+03,2.944843E+03,9.267312E-02,2.596704E-01,1.799050E+03,3.122195E+03,6.106697E-02,2.753095E-01
15:50:00,1.102545E+03,2.971547E+03,3.742584E-02,2.620222E-01,2.970928E+03,3.250730E+03,1.008455E-01,2.866412E-01,1.776532E+03,1.987372E+03,6.030265E-02,1.752416E-01,2.730163E+03,2.940812E+03,9.267291E-02,2.593139E-01,1.799045E+03,3.200713E+03,6.106683E-02,2.822318E-01
16:00:00,1.102543E+03,2.971556E+03,3.742578E-02,2.620221E-01,2.970923E+03,3.229167E+03,1.008453E-01,2.847388E-01,1.776529E+03,1.974735E+03,6.030252E-02,1.741267E-01,2.730157E+03,2.934852E+03,9.267271E-02,2.587874E-01,1.799042E+03,3.267533E+03,6.106670E-02,2.881226E-01
16:10:00,1.102542E+03,2.970728E+03,3.742571E-02,2.619481E-01,2.970917E+03,3.208802E+03,1.008451E-01,2.829421E-01,1.776525E+03,1.961871E+03,6.030239E-02,1.729918E-01,2.730151E+03,2.928185E+03,9.267251E-02,2.581986E-01,1.799038E+03,3.322649E+03,6.106657E-02,2.929813E-01
16:20:00,1.102540E+03,2.969044E+03,3.742565E-02,2.617987E-01,2.970911E+03,3.188668E+03,1.008449E-01,2.811657E-01,1.776521E+03,1.948290E+03,6.030226E-02,1.717936E-01,2.730146E+03,2.920025E+03,9.267232E-02,2.574780E-01,1.799034E+03,3.368905E+03,6.106645E-02,2.970589E-01
16:30:00,1.102538E+03,2.966539E+03,3.742560E-02,2.615771E-01,2.970906E+03,3.171005E+03,1.008447E-01,2.796074E-01,1.776518E+03,1.933899E+03,6.030215E-02,1.705241E-01,2.730140E+03,2.910265E+03,9.267214E-02,2.566167E-01,1.799031E+03,3.406815E+03,6.106633E-02,3.004006E-01
16:40:00,1.102536E+03,2.963181E+03,3.742554E-02,2.612805E-01,2.970901E+03,3.153437E+03,1.008446E-01,2.780578E-01,1.776514E+03,1.918670E+03,6.030203E-02,1.691809E-01,2.730135E+03,2.898918E+03,9.267197E-02,2.556155E-01,1.799027E+03,3.436240E+03,6.106622E-02,3.029944E-01
16:50:00,1.102535E+03,2.958985E+03,3.742548E-02,2.609099E-01,2.970896E+03,3.135330E+03,1.008444E-01,2.764606E-01,1.776511E+03,1.902600E+03,6.030192E-02,1.677636E-01,2.730130E+03,2.886073E+03,9.267180E-02,2.544823E-01,1.799024E+03,3.457000E+03,6.106610E-02,3.048243E-01
17:00:00,1.102533E+03,2.954015E+03,3.742543E-02,2.604711E-01,2.970891E+03,3.116433E+03,1.008442E-01,2.747938E-01,1.776508E+03,1.885684E+03,6.030181E-02,1.662716E-01,2.730125E+03,2.871836E+03,9.267163E-02,2.532264E-01,1.799021E+03,3.467184E+03,6.106600E-02,3.057215E-01
17:10:00,1.102532E+03,2.948529E+03,3.742538E-02,2.599869E-01,2.970887E+03,3.096475E+03,1.008441E-01,2.730334E-01,1.776505E+03,1.867921E+03,6.030171E-02,1.647050E-01,2.730121E+03,2.859301E+03,9.267147E-02,2.521205E-01,1.799018E+03,3.466309E+03,6.106589E-02,3.056437E-01
17:20:00,1.102530E+03,2.942864E+03,3.742533E-02,2.594869E-01,2.970882E+03,3.075172E+03,1.008439E-01,2.711544E-01,1.776502E+03,1.849332E+03,6.030160E-02,1.630655E-01,2.730116E+03,2.850776E+03,9.267132E-02,2.513684E-01,1.799015E+03,3.454484E+03,6.106579E-02,3.046003E-01
17:30:00,1.102529E+03,2.937348E+03,3.742528E-02,2.590004E-01,2.970878E+03,3.049248E+03,1.008438E-01,2.688684E-01,1.776499E+03,1.831738E+03,6.030151E-02,1.615141E-01,2.730112E+03,2.847539E+03,9.267117E-02,2.510828E-01,1.799012E+03,3.431699E+03,6.106569E-02,3.025910E-01
17:40:00,1.102527E+03,2.932073E+03,3.742523E-02,2.585352E-01,2.970874E+03,3.019274E+03,1.008436E-01,2.662254E-01,1.776496E+03,1.813270E+03,6.030141E-02,1.598857E-01,2.730107E+03,2.848687E+03,9.267103E-02,2.511840E-01,1.799009E+03,3.396320E+03,6.106560E-02,2.994713E-01
17:50:00,1.102526E+03,2.927070E+03,3.742518E-02,2.580940E-01,2.970869E+03,2.989509E+03,1.008435E-01,2.636008E-01,1.776493E+03,1.794211E+03,6.030132E-02,1.582051E-01,2.730103E+03,2.855083E+03,9.267088E-02,2.517480E-01,1.799006E+03,3.349476E+03,6.106550E-02,2.953408E-01
18:00:00,1.102525E+03,2.922231E+03,3.742514E-02,2.576674E-01,2.970865E+03,2.958214E+03,1.008434E-01,2.608414E-01,1.776491E+03,1.774727E+03,6.030123E-02,1.564872E-01,2.730099E+03,2.867421E+03,9.267075E-02,2.528361E-01,1.799004E+03,3.293278E+03,6.106541E-02,2.903855E-01
18:10:00,1.102523E+03,2.917180E+03,3.742509E-02,2.572220E-01,3.060375E+03,2.924819E+03,1.038817E-01,2.578968E-01,1.836163E+03,1.754767E+03,6.232676E-02,1.547272E-01,2.819608E+03,2.878843E+03,9.570906E-02,2.538432E-01,1.858677E+03,3.227319E+03,6.309095E-02,2.845695E-01
18:20:00,1.102522E+03,2.911368E+03,3.742505E-02,2.567096E-01,3.149922E+03,2.889368E+03,1.069212E-01,2.547708E-01,1.895864E+03,1.734364E+03,6.435317E-02,1.529281E-01,2.909160E+03,2.885165E+03,9.874871E-02,2.544007E-01,1.918377E+03,3.151051E+03,6.511735E-02,2.778445E-01
18:30:00,1.102521E+03,2.904235E+03,3.742501E-02,2.560806E-01,3.239508E+03,2.851911E+03,1.099619E-01,2.514681E-01,1.955588E+03,1.711764E+03,6.638031E-02,1.509354E-01,2.998743E+03,2.883192E+03,1.017894E-01,2.542266E-01,1.978101E+03,3.064216E+03,6.714449E-02,2.701877E-01
18:40:00,1.102520E+03,2.895326E+03,3.742498E-02,2.552950E-01,3.329155E+03,2.813718E+03,1.130045E-01,2.481003E-01,2.015352E+03,1.688820E+03,6.840868E-02,1.489123E-01,3.088385E+03,2.874940E+03,1.048318E-01,2.534990E-01,2.037865E+03,2.967849E+03,6.917287E-02,2.616905E-01
18:50:00,1.102520E+03,2.884375E+03,3.742497E-02,2.543295E-01,3.418853E+03,2.773549E+03,1.160487E-01,2.445584E-01,2.075149E+03,1.666778E+03,7.043805E-02,1.469687E-01,3.178075E+03,2.853003E+03,1.078758E-01,2.515647E-01,2.097663E+03,2.858186E+03,7.120227E-02,2.520209E-01
19:00:00,1.102521E+03,2.871181E+03,3.742500E-02,2.531660E-01,3.508594E+03,2.731472E+03,1.190942E-01,2.408482E-01,2.134974E+03,1.644367E+03,7.246830E-02,1.449926E-01,3.267807E+03,2.817568E+03,1.109210E-01,2.484400E-01,2.157490E+03,2.736415E+03,7.323254E-02,2.412837E-01
19:10:00,1.102523E+03,2.855599E+03,3.742508E-02,2.517920E-01,3.508861E+03,2.698063E+03,1.191024E-01,2.379025E-01,2.135149E+03,1.628102E+03,7.247369E-02,1.435585E-01,3.268063E+03,2.779939E+03,1.109290E-01,2.451221E-01,2.157666E+03,2.612408E+03,7.323796E-02,2.303493E-01
19:20:00,1.102527E+03,2.837651E+03,3.742521E-02,2.502095E-01,3.509123E+03,2.662500E+03,1.191105E-01,2.347670E-01,2.135319E+03,1.610597E+03,7.247888E-02,1.420151E-01,3.268310E+03,2.731896E+03,1.109366E-01,2.408860E-01,2.157837E+03,2.483457E+03,7.324319E-02,2.189793E-01
19:30:00,1.102533E+03,2.817633E+03,3.742541E-02,2.484444E-01,3.509377E+03,2.627004E+03,1.191183E-01,2.316374E-01,2.135484E+03,1.592868E+03,7.248397E-02,1.404522E-01,3.268554E+03,2.680713E+03,1.109442E-01,2.363733E-01,2.158002E+03,2.358734E+03,7.324830E-02,2.079822E-01
19:40:00,1.102540E+03,2.796105E+03,3.742567E-02,2.465462E-01,3.509596E+03,2.592580E+03,1.191251E-01,2.286026E-01,2.135626E+03,1.575317E+03,7.248836E-02,1.389049E-01,3.268765E+03,2.626618E+03,1.109508E-01,2.316038E-01,2.158145E+03,2.242760E+03,7.325271E-02,1.977567E-01
19:50:00,1.102549E+03,2.773742E+03,3.742598E-02,2.445746E-01,3.509787E+03,2.557392E+03,1.191311E-01,2.255008E-01,2.135750E+03,1.556754E+03,7.249222E-02,1.372687E-01,3.268952E+03,2.576877E+03,1.109566E-01,2.272187E-01,2.158270E+03,2.141084E+03,7.325658E-02,1.887922E-01
20:00:00,1.102560E+03,2.751132E+03,3.742633E-02,2.425814E-01,3.509955E+03,2.523738E+03,1.191363E-01,2.225344E-01,2.135859E+03,1.538529E+03,7.249564E-02,1.356624E-01,3.269117E+03,2.531091E+03,1.109618E-01,2.231826E-01,2.158379E+03,2.054746E+03,7.326001E-02,1.811803E-01
20:10:00,1.102571E+03,2.728940E+03,3.742670E-02,2.406250E-01,3.510102E+03,2.482655E+03,1.191410E-01,2.189130E-01,2.135955E+03,1.514663E+03,7.249868E-02,1.335587E-01,3.269263E+03,2.482658E+03,1.109665E-01,2.189131E-01,2.158475E+03,1.977244E+03,7.326305E-02,1.743474E-01
20:20:00,1.102582E+03,2.707788E+03,3.742709E-02,2.387609E-01,3.510232E+03,2.445709E+03,1.191451E-01,2.156566E-01,2.136039E+03,1.492831E+03,7.250137E-02,1.316345E-01,3.269393E+03,2.442377E+03,1.109706E-01,2.153627E-01,2.158559E+03,1.913868E+03,7.326574E-02,1.687602E-01
20:30:00,1.102594E+03,2.687926E+03,3.742749E-02,2.370107E-01,3.510347E+03,2.411192E+03,1.191488E-01,2.126149E-01,2.136114E+03,1.472176E+03,7.250375E-02,1.298144E-01,3.269508E+03,2.405359E+03,1.109743E-01,2.121004E-01,2.158634E+03,1.857724E+03,7.326812E-02,1.638110E-01
20:40:00,1.102606E+03,2.669401E+03,3.742789E-02,2.353786E-01,3.510448E+03,2.378696E+03,1.191520E-01,2.097512E-01,2.136179E+03,1.452531E+03,7.250586E-02,1.280833E-01,3.269610E+03,2.370669E+03,1.109776E-01,2.090433E-01,2.158699E+03,1.806944E+03,7.327023E-02,1.593347E-01
20:50:00,1.102617E+03,2.652106E+03,3.742828E-02,2.338546E-01,3.510536E+03,2.348020E+03,1.191549E-01,2.070478E-01,2.136237E+03,1.433822E+03,7.250773E-02,1.264344E-01,3.269700E+03,2.338039E+03,1.109805E-01,2.061675E-01,2.158757E+03,1.760743E+03,7.327209E-02,1.552618E-01
21:00:00,1.102628E+03,2.635996E+03,3.742866E-02,2.324349E-01,3.510614E+03,2.319100E+03,1.191574E-01,2.044989E-01,2.136288E+03,1.416046E+03,7.250938E-02,1.248677E-01,3.269779E+03,2.307377E+03,1.109831E-01,2.034651E-01,2.158808E+03,1.718590E+03,7.327374E-02,1.515457E-01
21:10:00,1.102639E+03,2.620957E+03,3.742903E-02,2.311097E-01,3.510683E+03,2.291599E+03,1.191597E-01,2.020750E-01,2.136333E+03,1.399030E+03,7.251085E-02,1.233680E-01,3.269850E+03,2.278356E+03,1.109854E-01,2.009071E-01,2.158853E+03,1.679881E+03,7.327520E-02,1.481332E-01
21:20:00,1.102650E+03,2.607065E+03,3.742938E-02,2.298852E-01,3.510744E+03,2.265566E+03,1.191616E-01,1.997801E-01,2.136373E+03,1.382828E+03,7.251215E-02,1.219397E-01,3.269913E+03,2.251015E+03,1.109874E-01,1.984969E-01,2.158892E+03,1.644300E+03,7.327650E-02,1.449962E-01
21:30:00,1.102659E+03,2.593878E+03,3.742971E-02,2.287241E-01,3.510798E+03,2.240509E+03,1.191634E-01,1.975727E-01,2.136408E+03,1.367162E+03,7.251331E-02,1.205597E-01,3.269968E+03,2.224853E+03,1.109892E-01,1.961920E-01,2.158928E+03,1.611287E+03,7.327765E-02,1.420865E-01
21:40:00,1.102669E+03,2.581607E+03,3.743003E-02,2.276440E-01,3.510846E+03,2.216638E+03,1.191650E-01,1.954700E-01,2.136439E+03,1.352172E+03,7.251433E-02,1.192392E-01,3.270018E+03,2.200066E+03,1.109909E-01,1.940086E-01,2.158959E+03,1.580704E+03,7.327867E-02,1.393912E-01
21:50:00,1.102677E+03,2.570062E+03,3.743033E-02,2.266278E-01,3.510888E+03,2.193728E+03,1.191664E-01,1.934520E-01,2.136467E+03,1.337734E+03,7.251525E-02,1.179674E-01,3.270062E+03,2.176418E+03,1.109923E-01,1.919255E-01,2.158986E+03,1.552212E+03,7.327958E-02,1.368803E-01
22:00:00,1.102686E+03,2.559195E+03,3.743061E-02,2.256714E-01,3.510926E+03,2.171717E+03,1.191676E-01,1.915132E-01,2.136492E+03,1.323818E+03,7.251607E-02,1.167416E-01,3.270101E+03,2.153834E+03,1.109936E-01,1.899362E-01,2.159011E+03,1.525592E+03,7.328040E-02,1.345343E-01
22:10:00,1.102694E+03,2.548945E+03,3.743087E-02,2.247694E-01,3.510959E+03,2.150709E+03,1.191687E-01,1.896629E-01,2.136514E+03,1.310496E+03,7.251680E-02,1.155682E-01,3.270137E+03,2.132386E+03,1.109948E-01,1.880470E-01,2.159033E+03,1.500751E+03,7.328113E-02,1.323452E-01
22:20:00,1.102701E+03,2.539025E+03,3.743112E-02,2.238965E-01,3.510989E+03,2.130379E+03,1.191697E-01,1.878724E-01,2.136534E+03,1.297571E+03,7.251746E-02,1.144298E-01,3.270168E+03,2.111733E+03,1.109958E-01,1.862280E-01,2.159053E+03,1.477358E+03,7.328178E-02,1.302838E-01
22:30:00,1.102708E+03,2.529819E+03,3.743135E-02,2.230849E-01,3.511016E+03,2.111147E+03,1.191706E-01,1.861766E-01,2.136552E+03,1.285304E+03,7.251805E-02,1.133482E-01,3.270196E+03,2.092282E+03,1.109967E-01,1.845130E-01,2.159070E+03,1.455535E+03,7.328237E-02,1.283596E-01
22:40:00,1.102714E+03,2.520991E+03,3.743156E-02,2.223065E-01,3.511041E+03,2.092655E+03,1.191714E-01,1.845460E-01,2.136568E+03,1.273485E+03,7.251859E-02,1.123060E-01,3.270222E+03,2.073665E+03,1.109976E-01,1.828714E-01,2.159086E+03,1.434984E+03,7.328291E-02,1.265473E-01
22:50:00,1.102720E+03,2.512608E+03,3.743177E-02,2.215673E-01,3.511063E+03,2.074972E+03,1.191721E-01,1.829867E-01,2.136582E+03,1.262158E+03,7.251908E-02,1.113071E-01,3.270245E+03,2.055939E+03,1.109984E-01,1.813082E-01,2.159101E+03,1.415648E+03,7.328339E-02,1.248423E-01
23:00:00,1.102725E+03,2.504617E+03,3.743195E-02,2.208627E-01,3.511083E+03,2.058035E+03,1.191728E-01,1.814932E-01,2.136595E+03,1.251287E+03,7.251952E-02,1.103485E-01,3.270266E+03,2.039032E+03,1.109991E-01,1.798174E-01,2.159114E+03,1.397414E+03,7.328383E-02,1.232344E-01
23:10:00,1.102731E+03,2.496982E+03,3.743213E-02,2.201895E-01,3.511101E+03,2.041626E+03,1.191734E-01,1.800462E-01,2.136607E+03,1.240745E+03,7.251992E-02,1.094188E-01,3.270285E+03,2.022736E+03,1.109997E-01,1.783803E-01,2.159126E+03,1.380079E+03,7.328423E-02,1.217057E-01
23:20:00,1.102736E+03,2.489674E+03,3.743230E-02,2.195451E-01,3.511117E+03,2.025699E+03,1.191740E-01,1.786417E-01,2.136619E+03,1.230506E+03,7.252030E-02,1.085159E-01,3.270303E+03,2.007002E+03,1.110003E-01,1.769929E-01,2.159137E+03,1.363556E+03,7.328460E-02,1.202486E-01
23:30:00,1.102740E+03,2.482662E+03,3.743245E-02,2.189268E-01,3.511133E+03,2.010220E+03,1.191745E-01,1.772767E-01,2.136629E+03,1.220551E+03,7.252064E-02,1.076380E-01,3.270319E+03,1.991787E+03,1.110008E-01,1.756512E-01,2.159147E+03,1.347771E+03,7.328494E-02,1.188567E-01
23:40:00,1.102744E+03,2.475920E+03,3.743260E-02,2.183323E-01,3.511147E+03,1.995156E+03,1.191750E-01,1.759483E-01,2.136638E+03,1.210862E+03,7.252095E-02,1.067836E-01,3.270333E+03,1.977055E+03,1.110013E-01,1.743521E-01,2.159156E+03,1.332658E+03,7.328526E-02,1.175240E-01
23:50:00,1.102748E+03,2.469423E+03,3.743273E-02,2.177594E-01,3.511160E+03,1.980479E+03,1.191754E-01,1.746541E-01,2.136647E+03,1.201423E+03,7.252124E-02,1.059513E-01,3.270347E+03,1.962773E+03,1.110018E-01,1.730927E-01,2.159165E+03,1.318160E+03,7.328555E-02,1.162455E-01
24:00:00,1.102752E+03,2.463149E+03,3.743286E-02,2.172062E-01,3.511172E+03,1.966165E+03,1.191758E-01,1.733918E-01,2.136655E+03,1.192222E+03,7.252152E-02,1.051399E-01,3.270359E+03,1.948915E+03,1.110022E-01,1.718706E-01,2.159173E+03,1.304225E+03,7.328582E-02,1.150166E-01
Peak,1.102828E+03,2.971556E+03,3.743543E-02,2.620221E-01,3.511397E+03,3.544648E+03,1.191834E-01,3.125763E-01,2.136804E+03,3.090930E+03,7.252657E-02,2.725420E-01,3.270586E+03,2.947502E+03,1.110098E-01,2.599078E-01,2.159322E+03,3.467184E+03,7.329087E-02,3.057215E-01

Peak Vol Flow (m3/s),,,3.183597E-02,2.228298E-01,,,1.013564E-01,2.658222E-01,,,6.167831E-02,2.317761E-01,,,9.440539E-02,2.210317E-01,,,6.232828E-02,2.599928E-01
