<measure>
  <schema_version>3.0</schema_version>
  <name>haystack</name>
  <uid>a3201f8c-bc3d-4fe1-a945-4a4f22471c06</uid>
  <version_id>967b2a78-232e-479d-bf84-f21e146f6737</version_id>
  <version_modified>20180109T180541Z</version_modified>
  <xml_checksum>A9D5932A</xml_checksum>
  <class_name>Haystack</class_name>
  <display_name>Haystack</display_name>
  <description>This measure will find economizers on airloops and add haystack tags.</description>
  <modeler_description>This measure loops through the existing airloops, looking for loops that have outdoor airsystems with economizers</modeler_description>
  <arguments>
    <argument>
      <name>local_test</name>
      <display_name>Local Test</display_name>
      <description>Use EMS for Local Testing</description>
      <type>Boolean</type>
      <required>false</required>
      <model_dependent>false</model_dependent>
      <default_value>true</default_value>
      <choices>
        <choice>
          <value>true</value>
          <display_name>true</display_name>
        </choice>
        <choice>
          <value>false</value>
          <display_name>false</display_name>
        </choice>
      </choices>
    </argument>
  </arguments>
  <outputs/>
  <provenances/>
  <tags>
    <tag>HVAC.Whole System</tag>
  </tags>
  <attributes>
    <attribute>
      <name>Measure Type</name>
      <value>ModelMeasure</value>
      <datatype>string</datatype>
    </attribute>
    <attribute>
      <name>Intended Software Tool</name>
      <value>Apply Measure Now</value>
      <datatype>string</datatype>
    </attribute>
    <attribute>
      <name>Intended Software Tool</name>
      <value>OpenStudio Application</value>
      <datatype>string</datatype>
    </attribute>
    <attribute>
      <name>Intended Software Tool</name>
      <value>Parametric Analysis Tool</value>
      <datatype>string</datatype>
    </attribute>
    <attribute>
      <name>Intended Use Case</name>
      <value>Model Articulation</value>
      <datatype>string</datatype>
    </attribute>
    <attribute>
      <name>Intended Use Case</name>
      <value>New Construction EE</value>
      <datatype>string</datatype>
    </attribute>
  </attributes>
  <files>
    <file>
      <version>
        <software_program>OpenStudio</software_program>
        <identifier>1.12.2</identifier>
        <min_compatible>1.12.2</min_compatible>
      </version>
      <filename>measure.rb</filename>
      <filetype>rb</filetype>
      <usage_type>script</usage_type>
      <checksum>5D641FEE</checksum>
    </file>
  </files>
</measure>
