,timestamp,T1,u1,u2,ZN1_Heating_Rate,Tsetpoint_heating
0,2019-02-06 09:00:00,20.153457659517755,0.0,1,0.0,21
1,2019-02-06 09:05:00,20.16325680688493,0.0,1,0.0,21
2,2019-02-06 09:10:00,20.17920540622771,0.0,1,0.0,21
3,2019-02-06 09:15:00,20.201114042904692,0.0,1,0.0,21
4,2019-02-06 09:20:00,20.2287958400251,0.0,1,0.0,21
5,2019-02-06 09:25:00,20.262066386316235,0.0,1,0.0,21
6,2019-02-06 09:30:00,20.30074366898924,0.0,1,0.0,21
7,2019-02-06 09:35:00,20.344648010458798,0.0,1,0.0,21
8,2019-02-06 09:40:00,20.393602008532014,0.0,1,0.0,21
9,2019-02-06 09:45:00,20.447430479868785,0.0,1,0.0,21
10,2019-02-06 09:50:00,20.50596040656677,0.0,1,0.0,21
11,2019-02-06 09:55:00,20.5690208857597,0.0,1,0.0,21
12,2019-02-06 10:00:00,20.636443082116955,0.0,1,0.0,21
13,2019-02-06 10:05:00,20.708060183146245,0.0,1,0.0,21
14,2019-02-06 10:10:00,20.783707357196022,0.0,1,0.0,21
15,2019-02-06 10:15:00,20.863221714069084,0.0,1,0.0,21
16,2019-02-06 10:20:00,20.946442268148076,0.0,1,0.0,21
17,2019-02-06 10:25:00,21.0332099321422,0.0,1,0.0,21
18,2019-02-06 10:30:00,21.12336733518964,0.0,1,0.0,21
19,2019-02-06 10:35:00,21.216758823576527,0.0,1,0.0,21
20,2019-02-06 10:40:00,21.3132305353908,0.0,1,0.0,21
21,2019-02-06 10:45:00,21.412630375416256,0.0,1,0.0,21
22,2019-02-06 10:50:00,21.51497682148164,0.0,1,0.0,21
23,2019-02-06 10:55:00,21.619931723528907,0.0,1,0.0,21
24,2019-02-06 11:00:00,21.727349342231037,0.0,1,0.0,21
25,2019-02-06 11:05:00,21.837085593693246,0.0,1,0.0,21
26,2019-02-06 11:10:00,21.94899803598014,0.0,1,0.0,21
27,2019-02-06 11:15:00,22.062945857497084,0.0,1,0.0,21
28,2019-02-06 11:20:00,22.17878986721064,0.0,1,0.0,21
29,2019-02-06 11:25:00,22.29639248671174,0.0,1,0.0,21
30,2019-02-06 11:30:00,22.41561774414788,0.0,1,0.0,21
31,2019-02-06 11:35:00,22.536331270080552,0.0,1,0.0,21
32,2019-02-06 11:40:00,22.658400295365766,0.0,1,0.0,21
33,2019-02-06 11:45:00,22.78169365120175,0.0,1,0.0,21
34,2019-02-06 11:50:00,22.906081771534332,0.0,1,0.0,21
35,2019-02-06 11:55:00,23.031436698009486,0.0,1,0.0,21
36,2019-02-06 12:00:00,23.15760377831498,0.0,1,0.0,21
37,2019-02-06 12:05:00,23.28450426838566,0.0,1,0.0,21
38,2019-02-06 12:10:00,23.41201006618087,0.0,1,0.0,21
39,2019-02-06 12:15:00,23.539994232064373,0.0,1,0.0,21
40,2019-02-06 12:20:00,23.66832120936499,0.0,1,0.0,21
41,2019-02-06 12:25:00,23.79688005950902,0.0,1,0.0,21
42,2019-02-06 12:30:00,23.925545179252765,0.0,1,0.0,21
43,2019-02-06 12:35:00,24.05417555118288,0.0,1,0.0,21
44,2019-02-06 12:40:00,24.182658403040307,0.0,1,0.0,21
45,2019-02-06 12:45:00,24.31092740423344,0.0,1,0.0,21
46,2019-02-06 12:50:00,24.438865467328128,0.0,1,0.0,21
47,2019-02-06 12:55:00,24.566344823511713,0.0,1,0.0,21
48,2019-02-06 13:00:00,24.693277344291744,0.0,1,0.0,21
49,2019-02-06 13:05:00,24.819559733763356,0.0,1,0.0,21
50,2019-02-06 13:10:00,24.94508976159767,0.0,1,0.0,21
51,2019-02-06 13:15:00,25.06976635667087,0.0,1,0.0,21
52,2019-02-06 13:20:00,25.19343772502208,0.0,1,0.0,21
53,2019-02-06 13:25:00,25.31603916583424,0.0,1,0.0,21
54,2019-02-06 13:30:00,25.437472925823897,0.0,1,0.0,21
55,2019-02-06 13:35:00,25.557643006664932,0.0,1,0.0,21
56,2019-02-06 13:40:00,25.676455166459164,0.0,1,0.0,21
57,2019-02-06 13:45:00,25.793816924373743,0.0,1,0.0,21
58,2019-02-06 13:50:00,25.909637567336517,0.0,1,0.0,21
59,2019-02-06 13:55:00,26.02382815812564,0.0,1,0.0,21
60,2019-02-06 14:00:00,26.136301544429614,0.0,1,0.0,21
61,2019-02-06 14:05:00,26.246972368594527,0.0,1,0.0,21
62,2019-02-06 14:10:00,26.355757077858414,0.0,1,0.0,21
63,2019-02-06 14:15:00,26.462573934926695,0.0,1,0.0,21
64,2019-02-06 14:20:00,26.567343028774474,0.0,1,0.0,21
65,2019-02-06 14:25:00,26.669986285587754,0.0,1,0.0,21
66,2019-02-06 14:30:00,26.770427479770945,0.0,1,0.0,21
67,2019-02-06 14:35:00,26.868592244956687,0.0,1,0.0,21
68,2019-02-06 14:40:00,26.96440808496817,0.0,1,0.0,21
69,2019-02-06 14:45:00,27.05780438468463,0.0,1,0.0,21
70,2019-02-06 14:50:00,27.148712420769982,0.0,1,0.0,21
71,2019-02-06 14:55:00,27.237065372226596,0.0,1,0.0,21
72,2019-02-06 15:00:00,27.322798330738067,0.0,1,0.0,21
73,2019-02-06 15:05:00,27.40584831077109,0.0,1,0.0,21
74,2019-02-06 15:10:00,27.486154259404827,0.0,1,0.0,21
75,2019-02-06 15:15:00,27.56365706586007,0.0,1,0.0,21
76,2019-02-06 15:20:00,27.638490711018278,0.0,1,0.0,21
77,2019-02-06 15:25:00,27.710409219018004,0.0,1,0.0,21
78,2019-02-06 15:30:00,27.779359172318607,0.0,1,0.0,21
79,2019-02-06 15:35:00,27.845289129333196,0.0,1,0.0,21
80,2019-02-06 15:40:00,27.908149632469133,0.0,1,0.0,21
81,2019-02-06 15:45:00,27.967893215706283,0.0,1,0.0,21
82,2019-02-06 15:50:00,28.02447441169511,0.0,1,0.0,21
83,2019-02-06 15:55:00,28.077849758356876,0.0,1,0.0,21
84,2019-02-06 16:00:00,28.127977804970328,0.0,1,0.0,21
85,2019-02-06 16:05:00,28.17481911772603,0.0,1,0.0,21
86,2019-02-06 16:10:00,28.218336284737234,0.0,1,0.0,21
87,2019-02-06 16:15:00,28.258493920488434,0.0,1,0.0,21
88,2019-02-06 16:20:00,28.29525866971244,0.0,1,0.0,21
89,2019-02-06 16:25:00,28.328599210676998,0.0,1,0.0,21
90,2019-02-06 16:30:00,28.358486257874574,0.0,1,0.0,21
91,2019-02-06 16:35:00,28.384892564098266,0.0,1,0.0,21
92,2019-02-06 16:40:00,28.40779292189484,0.0,1,0.0,21
93,2019-02-06 16:45:00,28.42716416438435,0.0,1,0.0,21
94,2019-02-06 16:50:00,28.442985165435005,0.0,1,0.0,21
95,2019-02-06 16:55:00,28.45523683918475,0.0,1,0.0,21
96,2019-02-06 17:00:00,28.46390213890004,0.0,1,0.0,21
97,2019-02-06 17:05:00,28.468966055162582,0.0,1,0.0,21
98,2019-02-06 17:10:00,28.47041561337852,0.0,1,0.0,21
99,2019-02-06 17:15:00,28.468239870789944,0.0,1,0.0,21
100,2019-02-06 17:20:00,28.462429913527046,0.0,1,0.0,21
101,2019-02-06 17:25:00,28.452978848713883,0.0,1,0.0,21
102,2019-02-06 17:30:00,28.43988180179008,0.0,1,0.0,21
103,2019-02-06 17:35:00,28.423135910417216,0.0,1,0.0,21
104,2019-02-06 17:40:00,28.40274031767825,0.0,1,0.0,21
105,2019-02-06 17:45:00,28.37869616456237,0.0,1,0.0,21
106,2019-02-06 17:50:00,28.351006581733998,0.0,1,0.0,21
107,2019-02-06 17:55:00,28.31967668058053,0.0,1,0.0,21
108,2019-02-06 18:00:00,28.284713543540875,0.0,1,0.0,21
109,2019-02-06 18:05:00,28.246126214880178,0.0,1,0.0,21
110,2019-02-06 18:10:00,28.203925688511617,0.0,1,0.0,21
111,2019-02-06 18:15:00,28.158124896161894,0.0,1,0.0,21
112,2019-02-06 18:20:00,28.108738695168825,0.0,1,0.0,21
113,2019-02-06 18:25:00,28.05578385524484,0.0,1,0.0,21
114,2019-02-06 18:30:00,27.999279044514765,0.0,1,0.0,21
115,2019-02-06 18:35:00,27.939244814822473,0.0,1,0.0,21
116,2019-02-06 18:40:00,27.875703586315126,0.0,1,0.0,21
117,2019-02-06 18:45:00,27.80867963130197,0.0,1,0.0,21
118,2019-02-06 18:50:00,27.738199057391228,0.0,1,0.0,21
119,2019-02-06 18:55:00,27.664289789912402,0.0,1,0.0,21
120,2019-02-06 19:00:00,27.586981553623332,0.0,1,0.0,21
121,2019-02-06 19:05:00,27.506305853706976,0.0,1,0.0,21
122,2019-02-06 19:10:00,27.42229595606517,0.0,1,0.0,21
123,2019-02-06 19:15:00,27.33498686691121,0.0,1,0.0,21
124,2019-02-06 19:20:00,27.24441531167014,0.0,1,0.0,21
125,2019-02-06 19:25:00,27.150619713188007,0.0,1,0.0,21
126,2019-02-06 19:30:00,27.053640169262565,0.0,1,0.0,21
127,2019-02-06 19:35:00,26.95351842949708,0.0,1,0.0,21
128,2019-02-06 19:40:00,26.850297871487555,0.0,1,0.0,21
129,2019-02-06 19:45:00,26.744023476348957,0.0,1,0.0,21
130,2019-02-06 19:50:00,26.634741803590657,0.0,1,0.0,21
131,2019-02-06 19:55:00,26.522500965347433,0.0,1,0.0,21
132,2019-02-06 20:00:00,26.407350599975643,0.0,1,0.0,21
133,2019-02-06 20:05:00,26.289158879517515,0.0,1,0.0,21
134,2019-02-06 20:10:00,26.16817257732373,0.0,1,0.0,21
135,2019-02-06 20:15:00,26.044445521116586,0.0,1,0.0,21
136,2019-02-06 20:20:00,25.918032951814496,0.0,1,0.0,21
137,2019-02-06 20:25:00,25.78899149392555,0.0,1,0.0,21
138,2019-02-06 20:30:00,25.657379125373325,0.0,1,0.0,21
139,2019-02-06 20:35:00,25.52325514676204,0.0,1,0.0,21
140,2019-02-06 20:40:00,25.386680150092843,0.0,1,0.0,21
141,2019-02-06 20:45:00,25.24771598694315,0.0,1,0.0,21
142,2019-02-06 20:50:00,25.106425736118013,0.0,1,0.0,21
143,2019-02-06 20:55:00,24.962873670786564,0.0,1,0.0,21
144,2019-02-06 21:00:00,24.817125225113386,0.0,1,0.0,21
145,2019-02-06 21:05:00,24.669246960395697,0.0,1,0.0,21
146,2019-02-06 21:10:00,24.51930653071895,0.0,1,0.0,21
147,2019-02-06 21:15:00,24.36737264813786,0.0,1,0.0,21
148,2019-02-06 21:20:00,24.213515047396584,0.0,1,0.0,21
149,2019-02-06 21:25:00,24.057804450194624,0.0,1,0.0,21
150,2019-02-06 21:30:00,23.90031252900792,0.0,1,0.0,21
151,2019-02-06 21:35:00,23.74111187047248,0.0,1,0.0,21
152,2019-02-06 21:40:00,23.58027593833492,0.0,1,0.0,21
153,2019-02-06 21:45:00,23.417879035974693,0.0,1,0.0,21
154,2019-02-06 21:50:00,23.253996268496678,0.0,1,0.0,21
155,2019-02-06 21:55:00,23.088703504392583,0.0,1,0.0,21
156,2019-02-06 22:00:00,22.92207733676173,0.0,1,0.0,21
157,2019-02-06 22:05:00,22.754195044076255,0.0,1,0.0,21
158,2019-02-06 22:10:00,22.585134550469718,0.0,1,0.0,21
159,2019-02-06 22:15:00,22.414974385514768,0.0,1,0.0,21
160,2019-02-06 22:20:00,22.243793643449067,0.0,1,0.0,21
161,2019-02-06 22:25:00,22.071671941790214,0.0,1,0.0,21
162,2019-02-06 22:30:00,21.898689379289124,0.0,1,0.0,21
163,2019-02-06 22:35:00,21.724946500826945,0.0,1,0.0,21
164,2019-02-06 22:40:00,21.550493309077524,0.0,1,0.0,21
165,2019-02-06 22:45:00,21.37541323196848,0.0,1,0.0,21
166,2019-02-06 22:50:00,21.199790204015642,0.0,1,0.0,21
167,2019-02-06 22:55:00,21.02370865486722,0.0,1,0.0,21
168,2019-02-06 23:00:00,20.84726418903591,0.0,1,0.0,21
169,2019-02-06 23:05:00,20.670529655234134,0.0,1,0.0,21
170,2019-02-06 23:10:00,20.493588250827997,0.0,1,0.0,21
171,2019-02-06 23:15:00,20.316526645474198,0.0,1,0.0,21
172,2019-02-06 23:20:00,20.139450244553643,36.92414406216926,1,0.0,21
173,2019-02-06 23:25:00,19.973269565620512,618.5565203281271,1,37.297115214312385,21
174,2019-02-06 23:30:00,19.978628598101807,599.7999066435966,1,624.8045659880072,21
175,2019-02-06 23:35:00,19.97326309268766,618.579175593112,1,605.8584915591886,21
176,2019-02-06 23:40:00,19.968668347820994,634.6607826264403,1,624.8274500940526,21
177,2019-02-06 23:45:00,19.96411622448062,650.5932143177517,1,641.071497602465,21
178,2019-02-06 23:50:00,19.959655295038147,666.2064673664077,1,657.164862947224,21
179,2019-02-06 23:55:00,19.955284735569535,681.5034255065484,1,672.9358256226341,21
180,2019-02-07 00:00:00,19.951006814959726,696.4761476408796,1,688.3872984914631,21
181,2019-02-07 00:05:00,19.946823558913366,711.117543803141,1,703.5112602433128,21
182,2019-02-07 00:10:00,19.942736960880268,725.4206369189831,1,718.3005492961021,21
183,2019-02-07 00:15:00,19.938748967665447,739.3786131708566,1,732.7481180999829,21
184,2019-02-07 00:20:00,19.93486147937591,752.9848221842315,1,746.8470840109663,21
185,2019-02-07 00:25:00,19.931076348486783,766.2327802961784,1,760.5907294790218,21
186,2019-02-07 00:30:00,19.9273953789899,779.1161735352716,1,773.9725053496752,21
187,2019-02-07 00:35:00,19.923820325567192,791.6288605147486,1,786.9860338740118,21
188,2019-02-07 00:40:00,19.92035289279346,803.7648752228108,1,799.6251116310592,21
189,2019-02-07 00:45:00,19.916994692808032,815.5185751718079,1,811.8837123462736,21
190,2019-02-07 00:50:00,19.913747380781956,826.8841672630742,1,823.7561365371798,21
191,2019-02-07 00:55:00,19.9106125966872,837.8559115947155,1,835.2365325889639,21
192,2019-02-07 01:00:00,19.907591835888184,848.4285743912778,1,846.3191026209248,21
193,2019-02-07 01:05:00,19.904686545481695,858.597090813987,1,856.9985599911898,21
194,2019-02-07 01:10:00,19.901898117418625,868.3565890347325,1,867.2697887009971,21
195,2019-02-07 01:15:00,19.899055508347374,878.3057207841125,1,877.127867711851,21
196,2019-02-07 01:20:00,19.896528518227854,887.1501862024331,1,887.1774957415279,21
197,2019-02-07 01:25:00,19.89411034379765,895.6137967081474,1,896.111299194377,21
198,2019-02-07 01:30:00,19.891814564551908,903.649024068244,1,904.6604007153005,21
199,2019-02-07 01:35:00,19.889641517755877,911.2546878543526,1,912.7767919881253,21
200,2019-02-07 01:40:00,19.887592269401864,918.4270570933961,1,920.4592806609622,21
201,2019-02-07 01:45:00,19.885667777496394,925.1627787625409,1,927.7040980741375,21
202,2019-02-07 01:50:00,19.88386894122152,931.4587057245944,1,934.5078573359,21
203,2019-02-07 01:55:00,19.882196596972733,937.3119105953549,1,940.8673795197924,21
204,2019-02-07 02:00:00,19.880651517433762,942.7196889817537,1,946.7797076720757,21
205,2019-02-07 02:05:00,19.879234410259926,947.6795640901798,1,952.2421100825796,21
206,2019-02-07 02:10:00,19.87794591648577,952.189292299721,1,957.2520849395756,21
207,2019-02-07 02:15:00,19.87678660852896,956.2468701485614,1,961.8073659593142,21
208,2019-02-07 02:20:00,19.875756987663067,959.8505431791864,1,965.9059294429914,21
209,2019-02-07 02:25:00,19.874857480909668,962.9988168160821,1,969.5460032112994,21
210,2019-02-07 02:30:00,19.87411483771797,965.5980679870311,1,972.7260775920022,21
211,2019-02-07 02:35:00,19.873457125939865,967.9000592103932,1,975.351583825284,21
212,2019-02-07 02:40:00,19.872938890673254,969.7138826435321,1,977.6768274852458,21
213,2019-02-07 02:45:00,19.872558019718724,971.0469309843859,1,979.5089723672041,21
214,2019-02-07 02:50:00,19.872322962372323,971.8696316967907,1,980.8554858428141,21
215,2019-02-07 02:55:00,19.87221866696831,972.2346656108414,1,981.686496663425,21
216,2019-02-07 03:00:00,19.87229169845773,971.9790553978669,1,982.0552177887287,21
217,2019-02-07 03:05:00,19.872456060803415,971.4037871879668,1,981.7970256544111,21
218,2019-02-07 03:10:00,19.872721385274758,970.4751515382668,1,981.215946654512,21
219,2019-02-07 03:15:00,19.873149969495216,968.9751067666634,1,980.2779308467342,21
220,2019-02-07 03:20:00,19.873687423450917,967.0940179217098,1,978.7627341077409,21
221,2019-02-07 03:25:00,19.87435275367244,964.7653621463803,1,976.8626443653635,21
222,2019-02-07 03:30:00,19.87514529220357,961.9914772874267,1,974.5104668145257,21
223,2019-02-07 03:35:00,19.876124258492837,958.5650952749916,1,971.7085629165928,21
224,2019-02-07 03:40:00,19.877197498234693,954.8087561784939,1,968.2475709848401,21
225,2019-02-07 03:45:00,19.878403124652493,950.589063716194,1,964.4532890691859,21
226,2019-02-07 03:50:00,19.879738165286483,945.9164214972304,1,960.1909734507011,21
227,2019-02-07 03:55:00,19.881202079207696,940.7927227729829,1,955.4711328254854,21
228,2019-02-07 04:00:00,19.882794126048225,935.2205588311335,1,950.2956795686696,21
229,2019-02-07 04:05:00,19.884513520880944,929.2026769166171,1,944.6672311425592,21
230,2019-02-07 04:10:00,19.886359422914325,922.7420197997844,1,938.5885625420375,21
231,2019-02-07 04:15:00,19.88833093506304,915.841727279286,1,932.0626462624085,21
232,2019-02-07 04:20:00,19.89042710339561,908.505138115288,1,925.0926538174607,21
233,2019-02-07 04:25:00,19.892646916930175,900.7357907443065,1,917.6819576922102,21
234,2019-02-07 04:30:00,19.894989307641254,892.5374232555328,1,909.8341320649562,21
235,2019-02-07 04:35:00,19.89745315061606,883.9139728437146,1,901.5529527833664,21
236,2019-02-07 04:40:00,19.900037264326272,874.8695748579678,1,892.842396811833,21
237,2019-02-07 04:45:00,19.90254674199025,866.0864030340463,1,883.7066412706746,21
238,2019-02-07 04:50:00,19.905366055871582,856.2188044493837,1,874.8347505394407,21
239,2019-02-07 04:55:00,19.908289533410255,845.9866330640295,1,864.8674792418018,21
240,2019-02-07 05:00:00,19.911328726027705,835.3494589029538,1,854.5319525899289,21
241,2019-02-07 05:05:00,19.91448137717481,824.3151798880888,1,843.7873322252059,21
242,2019-02-07 05:10:00,19.917746047216156,812.8888347433758,1,832.6415958465544,21
243,2019-02-07 05:15:00,19.921121189825328,801.0758356112717,1,821.099833074117,21
244,2019-02-07 05:20:00,19.92460529618097,788.881463366522,1,809.1675107184564,21
245,2019-02-07 05:25:00,19.928196726830777,776.311456092202,1,796.8499629964869,21
246,2019-02-07 05:30:00,19.931893772404237,763.3717965850906,1,784.1529859517192,21
247,2019-02-07 05:35:00,19.9356946743751,750.0686396870719,1,771.0826228132229,21
248,2019-02-07 05:40:00,19.939597624641465,736.4083137547937,1,757.645090593002,21
249,2019-02-07 05:45:00,19.94360076647115,722.3973173508966,1,743.8467815704987,21
250,2019-02-07 05:50:00,19.947702195389013,708.0423161383749,1,729.6942599504007,21
251,2019-02-07 05:55:00,19.951899960087133,693.3501396949566,1,715.1942587256312,21
252,2019-02-07 06:00:00,19.95619206335857,678.3277782449204,1,700.3536764595522,21
253,2019-02-07 06:05:00,19.960576463052064,662.9823793176968,1,685.1795739847681,21
254,2019-02-07 06:10:00,19.96505107304756,647.3212443334546,1,669.6791710279766,21
255,2019-02-07 06:15:00,19.969613764252017,631.3518251178607,1,653.8598427610654,21
256,2019-02-07 06:20:00,19.97426236561563,615.0817203452164,1,637.7291162806674,21
257,2019-02-07 06:25:00,19.978994665168045,598.5186719117621,1,621.2946670153701,21
258,2019-02-07 06:30:00,19.983808411072346,581.6705612467103,1,604.564315062386,21
259,2019-02-07 06:35:00,19.98870131270013,564.5454055494668,1,587.5460214613237,21
260,2019-02-07 06:40:00,19.993671041722678,547.1513539705484,1,570.2478843934008,21
261,2019-02-07 06:45:00,19.998715233220537,529.4966837280413,1,552.6781353237863,21
262,2019-02-07 06:50:00,20.00383148681192,511.589796158205,1,534.8451350788296,21
263,2019-02-07 06:55:00,20.00901736779491,493.43921271773183,1,516.7573698567727,21
264,2019-02-07 07:00:00,20.014270408307937,475.0535709221424,1,498.4234471896281,21
265,2019-02-07 07:05:00,20.019588108505843,456.44162022946944,1,479.8520918405479,21
266,2019-02-07 07:10:00,20.024967937750716,437.6122178724131,1,461.05214164592877,21
267,2019-02-07 07:15:00,20.030407335815994,418.5743246439415,1,442.0325433054678,21
268,2019-02-07 07:20:00,20.035903714106723,399.3370006263888,1,422.8023481251935,21
269,2019-02-07 07:25:00,20.041454456893007,379.9094008743964,1,403.370707703423,21
270,2019-02-07 07:30:00,20.04705692255419,360.3007710602526,1,383.7468695700974,21
271,2019-02-07 07:35:00,20.052708444837208,340.52044306969265,1,363.94017278813396,21
272,2019-02-07 07:40:00,20.058406334126346,320.57783055770983,1,343.96004350474004,21
273,2019-02-07 07:45:00,20.064147878723645,300.48242446716245,1,323.81599046233316,21
274,2019-02-07 07:50:00,20.0699303461393,280.2437885123652,1,303.5176004718813,21
275,2019-02-07 07:55:00,20.075750984393835,259.8715546214976,1,283.07453385087393,21
276,2019-02-07 08:00:00,20.08160702332691,239.37541835573484,1,262.4965198196945,21
277,2019-02-07 08:05:00,20.0874956759165,218.7651342921697,1,241.79335187447964,21
278,2019-02-07 08:10:00,20.093414139605727,198.05051137987562,1,220.97488312340377,21
279,2019-02-07 08:15:00,20.09935959763652,177.24140827209567,1,200.05102159583396,21
280,2019-02-07 08:20:00,20.105329220390956,156.3477286315731,1,179.03172552736936,21
281,2019-02-07 08:25:00,20.111320166737073,135.3794164201645,1,157.9269986177506,21
282,2019-02-07 08:30:00,20.117329585382038,114.3464511627883,1,136.74688527289342,21
283,2019-02-07 08:35:00,20.123354616228823,93.25884319903821,1,115.50146582099829,21
284,2019-02-07 08:40:00,20.1293923917371,72.12662892007415,1,94.20085171620022,21
285,2019-02-07 08:45:00,20.135440038288948,50.95986598860236,1,72.85518072734763,21
286,2019-02-07 08:50:00,20.1414946775551,29.768628557064858,1,51.47461210969936,21
287,2019-02-07 08:55:00,20.14755342786532,8.56300247130548,1,30.06932177481299,21
288,2019-02-07 09:00:00,20.153613405580586,0.0,1,8.649497445763112,21
289,2019-02-07 09:05:00,20.165937941644188,0.0,1,8.649497445763112,21
290,2019-02-07 09:10:00,20.184337293685928,0.0,1,8.649497445763112,21
291,2019-02-07 09:15:00,20.20862425945785,0.0,1,8.649497445763112,21
292,2019-02-07 09:20:00,20.23861410536773,0.0,1,8.649497445763112,21
293,2019-02-07 09:25:00,20.274124498571098,0.0,1,8.649497445763112,21
294,2019-02-07 09:30:00,20.314975442514765,0.0,1,8.649497445763112,21
295,2019-02-07 09:35:00,20.36098921582368,0.0,1,8.649497445763112,21
296,2019-02-07 09:40:00,20.411990314427612,0.0,1,8.649497445763112,21
297,2019-02-07 09:45:00,20.467805396825838,0.0,1,8.649497445763112,21
298,2019-02-07 09:50:00,20.528263232388383,0.0,1,8.649497445763112,21
299,2019-02-07 09:55:00,20.593194652596026,0.0,1,8.649497445763112,21
300,2019-02-07 10:00:00,20.66243250512224,0.0,1,8.649497445763112,21
301,2019-02-07 10:05:00,20.735811610662438,0.0,1,8.649497445763112,21
302,2019-02-07 10:10:00,20.813168722414446,0.0,1,8.649497445763112,21
303,2019-02-07 10:15:00,20.8943424881204,0.0,1,8.649497445763112,21
304,2019-02-07 10:20:00,20.979173414574063,0.0,1,8.649497445763112,21
305,2019-02-07 10:25:00,21.067503862323463,0.0,1,8.649497445763112,21
306,2019-02-07 10:30:00,21.159177807816604,0.0,1,8.649497445763112,21
307,2019-02-07 10:35:00,21.254040966463037,0.0,1,8.649497445763112,21
308,2019-02-07 10:40:00,21.351940804988487,0.0,1,8.649497445763112,21
309,2019-02-07 10:45:00,21.45272651755414,0.0,1,8.649497445763112,21
310,2019-02-07 10:50:00,21.55641334038546,0.0,1,8.649497445763112,21
311,2019-02-07 10:55:00,21.662669204061103,0.0,1,8.649497445763112,21
312,2019-02-07 11:00:00,21.771349530185034,0.0,1,8.649497445763112,21
313,2019-02-07 11:05:00,21.88231136186863,0.0,1,8.649497445763112,21
314,2019-02-07 11:10:00,21.9954133512951,0.0,1,8.649497445763112,21
315,2019-02-07 11:15:00,22.110515749118747,0.0,1,8.649497445763112,21
316,2019-02-07 11:20:00,22.227434423202226,0.0,1,8.649497445763112,21
317,2019-02-07 11:25:00,22.346126095338207,0.0,1,8.649497445763112,21
318,2019-02-07 11:30:00,22.466408400285218,0.0,1,8.649497445763112,21
319,2019-02-07 11:35:00,22.58814791449771,0.0,1,8.649497445763112,21
320,2019-02-07 11:40:00,22.711212787795773,0.0,1,8.649497445763112,21
321,2019-02-07 11:45:00,22.83547274444237,0.0,1,8.649497445763112,21
322,2019-02-07 11:50:00,22.960799086611416,0.0,1,8.649497445763112,21
323,2019-02-07 11:55:00,23.08706470042472,0.0,1,8.649497445763112,21
324,2019-02-07 12:00:00,23.214120025816726,0.0,1,8.649497445763112,21
325,2019-02-07 12:05:00,23.341881692521724,0.0,1,8.649497445763112,21
326,2019-02-07 12:10:00,23.470222319117227,0.0,1,8.649497445763112,21
327,2019-02-07 12:15:00,23.599015646995497,0.0,1,8.649497445763112,21
328,2019-02-07 12:20:00,23.728127119695046,0.0,1,8.649497445763112,21
329,2019-02-07 12:25:00,23.8574469356264,0.0,1,8.649497445763112,21
330,2019-02-07 12:30:00,23.98684413927333,0.0,1,8.649497445763112,21
331,2019-02-07 12:35:00,24.116173459429262,0.0,1,8.649497445763112,21
332,2019-02-07 12:40:00,24.245347194577732,0.0,1,8.649497445763112,21
333,2019-02-07 12:45:00,24.374293817582043,0.0,1,8.649497445763112,21
334,2019-02-07 12:50:00,24.502888445971394,0.0,1,8.649497445763112,21
335,2019-02-07 12:55:00,24.63100541611476,0.0,1,8.649497445763112,21
336,2019-02-07 13:00:00,24.758557263590262,0.0,1,8.649497445763112,21
337,2019-02-07 13:05:00,24.885441128054765,0.0,1,8.649497445763112,21
338,2019-02-07 13:10:00,25.01155521509463,0.0,1,8.649497445763112,21
339,2019-02-07 13:15:00,25.13676252543513,0.0,1,8.649497445763112,21
340,2019-02-07 13:20:00,25.260982726552413,0.0,1,8.649497445763112,21
341,2019-02-07 13:25:00,25.38411680731963,0.0,1,8.649497445763112,21
342,2019-02-07 13:30:00,25.50606749793326,0.0,1,8.649497445763112,21
343,2019-02-07 13:35:00,25.626739267649043,0.0,1,8.649497445763112,21
344,2019-02-07 13:40:00,25.746038327248357,0.0,1,8.649497445763112,21
345,2019-02-07 13:45:00,25.863872634440725,0.0,1,8.649497445763112,21
346,2019-02-07 13:50:00,25.980151901188663,0.0,1,8.649497445763112,21
347,2019-02-07 13:55:00,26.094787602338215,0.0,1,8.649497445763112,21
348,2019-02-07 14:00:00,26.207692985163078,0.0,1,8.649497445763112,21
349,2019-02-07 14:05:00,26.318783079551736,0.0,1,8.649497445763112,21
350,2019-02-07 14:10:00,26.427974708651732,0.0,1,8.649497445763112,21
351,2019-02-07 14:15:00,26.535186499828058,0.0,1,8.649497445763112,21
352,2019-02-07 14:20:00,26.640338895828904,0.0,1,8.649497445763112,21
353,2019-02-07 14:25:00,26.743354166072493,0.0,1,8.649497445763112,21
354,2019-02-07 14:30:00,26.844156417984323,0.0,1,8.649497445763112,21
355,2019-02-07 14:35:00,26.942671608324133,0.0,1,8.649497445763112,21
356,2019-02-07 14:40:00,27.038827554452666,0.0,1,8.649497445763112,21
357,2019-02-07 14:45:00,27.132553945489803,0.0,1,8.649497445763112,21
358,2019-02-07 14:50:00,27.223782353326328,0.0,1,8.649497445763112,21
359,2019-02-07 14:55:00,27.312446243449926,0.0,1,8.649497445763112,21
360,2019-02-07 15:00:00,27.39848098555251,0.0,1,8.649497445763112,21
361,2019-02-07 15:05:00,27.481823863886405,0.0,1,8.649497445763112,21
362,2019-02-07 15:10:00,27.562414087340244,0.0,1,8.649497445763112,21
363,2019-02-07 15:15:00,27.64019279920751,0.0,1,8.649497445763112,21
364,2019-02-07 15:20:00,27.715294978934537,0.0,1,8.649497445763112,21
365,2019-02-07 15:25:00,27.787474094882214,0.0,1,8.649497445763112,21
366,2019-02-07 15:30:00,27.85667696312487,0.0,1,8.649497445763112,21
367,2019-02-07 15:35:00,27.922852368829297,0.0,1,8.649497445763112,21
368,2019-02-07 15:40:00,27.98595107449455,0.0,1,8.649497445763112,21
369,2019-02-07 15:45:00,28.045925827726023,0.0,1,8.649497445763112,21
370,2019-02-07 15:50:00,28.10273136852146,0.0,1,8.649497445763112,21
371,2019-02-07 15:55:00,28.15632443605506,0.0,1,8.649497445763112,21
372,2019-02-07 16:00:00,28.206663774941205,0.0,1,8.649497445763112,21
373,2019-02-07 16:05:00,28.25371014096362,0.0,1,8.649497445763112,21
374,2019-02-07 16:10:00,28.297426306251282,0.0,1,8.649497445763112,21
375,2019-02-07 16:15:00,28.33777706389327,0.0,1,8.649497445763112,21
376,2019-02-07 16:20:00,28.374729231971514,0.0,1,8.649497445763112,21
377,2019-02-07 16:25:00,28.408251657002552,0.0,1,8.649497445763112,21
378,2019-02-07 16:30:00,28.43831521677629,0.0,1,8.649497445763112,21
379,2019-02-07 16:35:00,28.46489282257653,0.0,1,8.649497445763112,21
380,2019-02-07 16:40:00,28.487959420775553,0.0,1,8.649497445763112,21
381,2019-02-07 16:45:00,28.50749199378987,0.0,1,8.649497445763112,21
382,2019-02-07 16:50:00,28.523469560387582,0.0,1,8.649497445763112,21
383,2019-02-07 16:55:00,28.535873175339816,0.0,1,8.649497445763112,21
384,2019-02-07 17:00:00,28.544685928403112,0.0,1,8.649497445763112,21
385,2019-02-07 17:05:00,28.5498929426293,0.0,1,8.649497445763112,21
386,2019-02-07 17:10:00,28.55148137199143,0.0,1,8.649497445763112,21
387,2019-02-07 17:15:00,28.549440398996126,0.0,1,8.649497445763112,21
388,2019-02-07 17:20:00,28.54376123018841,0.0,1,8.649497445763112,21
389,2019-02-07 17:25:00,28.534437090282722,0.0,1,8.649497445763112,21
390,2019-02-07 17:30:00,28.521463218835834,0.0,1,8.649497445763112,21
391,2019-02-07 17:35:00,28.504836864257243,0.0,1,8.649497445763112,21
392,2019-02-07 17:40:00,28.48455727710649,0.0,1,8.649497445763112,21
393,2019-02-07 17:45:00,28.4606257026756,0.0,1,8.649497445763112,21
394,2019-02-07 17:50:00,28.433045372850813,0.0,1,8.649497445763112,21
395,2019-02-07 17:55:00,28.401821497252513,0.0,1,8.649497445763112,21
396,2019-02-07 18:00:00,28.366961253650572,0.0,1,8.649497445763112,21
397,2019-02-07 18:05:00,28.328473778605883,0.0,1,8.649497445763112,21
398,2019-02-07 18:10:00,28.286370155962743,0.0,1,8.649497445763112,21
399,2019-02-07 18:15:00,28.240663404578186,0.0,1,8.649497445763112,21
400,2019-02-07 18:20:00,28.191368466349388,0.0,1,8.649497445763112,21
401,2019-02-07 18:25:00,28.138502193053625,0.0,1,8.649497445763112,21
402,2019-02-07 18:30:00,28.082083332458694,0.0,1,8.649497445763112,21
403,2019-02-07 18:35:00,28.022132513701933,0.0,1,8.649497445763112,21
404,2019-02-07 18:40:00,27.958672231942046,0.0,1,8.649497445763112,21
405,2019-02-07 18:45:00,27.89172683228577,0.0,1,8.649497445763112,21
406,2019-02-07 18:50:00,27.821322492990532,0.0,1,8.649497445763112,21
407,2019-02-07 18:55:00,27.74748720794952,0.0,1,8.649497445763112,21
408,2019-02-07 19:00:00,27.670250768459255,0.0,1,8.649497445763112,21
409,2019-02-07 19:05:00,27.589644744277905,0.0,1,8.649497445763112,21
410,2019-02-07 19:10:00,27.5057024639749,0.0,1,8.649497445763112,21
411,2019-02-07 19:15:00,27.418458994581556,0.0,1,8.649497445763112,21
412,2019-02-07 19:20:00,27.327951120543275,0.0,1,8.649497445763112,21
413,2019-02-07 19:25:00,27.2342173219846,0.0,1,8.649497445763112,21
414,2019-02-07 19:30:00,27.137297752289726,0.0,1,8.649497445763112,21
415,2019-02-07 19:35:00,27.03723421500581,0.0,1,8.649497445763112,21
416,2019-02-07 19:40:00,26.93407014007869,0.0,1,8.649497445763112,21
417,2019-02-07 19:45:00,26.82785055942736,0.0,1,8.649497445763112,21
418,2019-02-07 19:50:00,26.718622081863657,0.0,1,8.649497445763112,21
419,2019-02-07 19:55:00,26.606432867366948,0.0,1,8.649497445763112,21
420,2019-02-07 20:00:00,26.491332600724604,0.0,1,8.649497445763112,21
421,2019-02-07 20:05:00,26.373189446341087,0.0,1,8.649497445763112,21
422,2019-02-07 20:10:00,26.252250279409964,0.0,1,8.649497445763112,21
423,2019-02-07 20:15:00,26.128568969732953,0.0,1,8.649497445763112,21
424,2019-02-07 20:20:00,26.002200799067737,0.0,1,8.649497445763112,21
425,2019-02-07 20:25:00,25.873202431559605,0.0,1,8.649497445763112,21
426,2019-02-07 20:30:00,25.741631883601826,0.0,1,8.649497445763112,21
427,2019-02-07 20:35:00,25.607548493134573,0.0,1,8.649497445763112,21
428,2019-02-07 20:40:00,25.471012888395705,0.0,1,8.649497445763112,21
429,2019-02-07 20:45:00,25.33208695613098,0.0,1,8.649497445763112,21
430,2019-02-07 20:50:00,25.19083380927765,0.0,1,8.649497445763112,21
431,2019-02-07 20:55:00,25.047317754130916,0.0,1,8.649497445763112,21
432,2019-02-07 21:00:00,24.90160425700418,0.0,1,8.649497445763112,21
433,2019-02-07 21:05:00,24.7537599103959,0.0,1,8.649497445763112,21
434,2019-02-07 21:10:00,24.60385239867145,0.0,1,8.649497445763112,21
435,2019-02-07 21:15:00,24.451950463272112,0.0,1,8.649497445763112,21
436,2019-02-07 21:20:00,24.29812386746022,0.0,1,8.649497445763112,21
437,2019-02-07 21:25:00,24.14244336061057,0.0,1,8.649497445763112,21
438,2019-02-07 21:30:00,23.984980642055916,0.0,1,8.649497445763112,21
439,2019-02-07 21:35:00,23.825808324493494,0.0,1,8.649497445763112,21
440,2019-02-07 21:40:00,23.664999896958648,0.0,1,8.649497445763112,21
441,2019-02-07 21:45:00,23.502629687368483,0.0,1,8.649497445763112,21
442,2019-02-07 21:50:00,23.338772824635612,0.0,1,8.649497445763112,21
443,2019-02-07 21:55:00,23.17350520034944,0.0,1,8.649497445763112,21
444,2019-02-07 22:00:00,23.006903430015655,0.0,1,8.649497445763112,21
445,2019-02-07 22:05:00,22.83904481384019,0.0,1,8.649497445763112,21
446,2019-02-07 22:10:00,22.67000729703375,0.0,1,8.649497445763112,21
447,2019-02-07 22:15:00,22.499869429605894,0.0,1,8.649497445763112,21
448,2019-02-07 22:20:00,22.328710325603254,0.0,1,8.649497445763112,21
449,2019-02-07 22:25:00,22.156609621737857,0.0,1,8.649497445763112,21
450,2019-02-07 22:30:00,21.98366566696069,0.0,1,8.649497445763112,21
451,2019-02-07 22:35:00,21.80994195827799,0.0,1,8.649497445763112,21
452,2019-02-07 22:40:00,21.63550737488754,0.0,1,8.649497445763112,21
453,2019-02-07 22:45:00,21.46044536118518,0.0,1,8.649497445763112,21
454,2019-02-07 22:50:00,21.28483986741611,0.0,1,8.649497445763112,21
455,2019-02-07 22:55:00,21.108775338061662,0.0,1,8.649497445763112,21
456,2019-02-07 23:00:00,20.932347417804863,0.0,1,8.649497445763112,21
457,2019-02-07 23:05:00,20.755628932513503,0.0,1,8.649497445763112,21
458,2019-02-07 23:10:00,20.578703089119074,0.0,1,8.649497445763112,21
459,2019-02-07 23:15:00,20.401656550210703,0.0,1,8.649497445763112,21
460,2019-02-07 23:20:00,20.224594716243985,0.0,1,8.649497445763112,21
461,2019-02-07 23:25:00,20.047606967468596,358.37561385983463,1,8.649497445763112,21
462,2019-02-07 23:30:00,19.97390891188934,616.3188083872342,1,361.99556955538856,21
463,2019-02-07 23:35:00,19.973562977433005,617.5295789844029,1,622.5442508961962,21
464,2019-02-07 23:40:00,19.968649278862415,634.7275239814678,1,623.7672514993968,21
465,2019-02-07 23:45:00,19.96411742066266,650.5890276806099,1,641.1389131125937,21
466,2019-02-07 23:50:00,19.959655203534965,666.2067876275444,1,657.1606340208181,21
467,2019-02-07 23:55:00,19.95528472569015,681.5034600844001,1,672.9361491187317,21
468,2019-02-08 00:00:00,19.95100679970244,696.4762010413779,1,688.387333418586,21
469,2019-02-08 00:05:00,19.94682354379364,711.1175967221754,1,703.5113141832101,21
470,2019-02-08 00:10:00,19.942736945536467,725.4206906222862,1,718.3006027496722,21
471,2019-02-08 00:15:00,19.93874895210803,739.3786676218213,1,732.7481723457437,21
472,2019-02-08 00:20:00,19.93486146359146,752.9848774298102,1,746.8471390119407,21
473,2019-02-08 00:25:00,19.93107633246217,766.2328363823292,1,760.5907852826366,21
474,2019-02-08 00:30:00,19.927395362711422,779.1162305099419,1,773.9725620023528,21
475,2019-02-08 00:35:00,19.923820309020243,791.628918429069,1,786.9860914241839,21
476,2019-02-08 00:40:00,19.92035287596218,803.764934132289,1,799.6251701303728,21
477,2019-02-08 00:45:00,19.91699467528622,815.5186364981546,1,811.8837718507971,21
478,2019-02-08 00:50:00,19.91374736348041,826.884227818482,1,823.7561984829845,21
479,2019-02-08 00:55:00,19.91061257952225,837.8559716720417,1,835.2365937560426,21
480,2019-02-08 01:00:00,19.90759181883675,848.428634071297,1,846.3191633050927,21
481,2019-02-08 01:05:00,19.90468652851274,858.5971502053269,1,856.9986202740374,21
482,2019-02-08 01:10:00,19.90189810049725,868.3566482595495,1,867.2698486922494,21
483,2019-02-08 01:15:00,19.899055542828307,878.3056001008447,1,877.1279275348985,21
484,2019-02-08 01:20:00,19.896528547539617,887.1500836112602,1,887.1773738392371,21
485,2019-02-08 01:25:00,19.894110371154227,895.6137009601264,1,896.1111955669296,21
486,2019-02-08 01:30:00,19.891814589692274,903.6489360769622,1,904.6603040001277,21
487,2019-02-08 01:35:00,19.889641540611194,911.2546078607409,1,912.7767031080426,21
488,2019-02-08 01:40:00,19.887592289880445,918.426985418364,1,920.4591998593343,21
489,2019-02-08 01:45:00,19.885667795493873,925.1627157713642,1,927.7040256751152,21
490,2019-02-08 01:50:00,19.883868956616823,931.4586518410408,1,934.5077937084487,21
491,2019-02-08 01:55:00,19.882196609623634,937.3118663172022,1,940.8673250919605,21
492,2019-02-08 02:00:00,19.880651527171153,942.719654900884,1,946.779662946669,21
493,2019-02-08 02:05:00,19.87923441688025,947.6795409190402,1,952.2420756574587,21
494,2019-02-08 02:10:00,19.877945919740284,952.1892809089252,1,957.2520615343841,21
495,2019-02-08 02:15:00,19.876786608108148,956.2468716214028,1,961.8073544534599,21
496,2019-02-08 02:20:00,19.875756983176473,959.8505588822661,1,965.9059309307099,21
497,2019-02-08 02:25:00,19.87485747185326,962.9988485135073,1,969.5460190729962,21
498,2019-02-08 02:30:00,19.87411472291342,965.5984698029556,1,972.7261096096033,21
499,2019-02-08 02:35:00,19.873457034806222,967.9003781781432,1,975.3519896999552,21
500,2019-02-08 02:40:00,19.87293881591694,969.7141442906343,1,977.6771496748922,21
501,2019-02-08 02:45:00,19.872557962657197,971.0471306997306,1,979.5092366572064,21
502,2019-02-08 02:50:00,19.872322920058878,971.8697797938489,1,980.8556875754855,21
503,2019-02-08 02:55:00,19.872218653430878,972.2347129918489,1,981.6866462564132,21
504,2019-02-08 03:00:00,19.872291697034086,971.9790603806189,1,982.0552656483324,21
505,2019-02-08 03:05:00,19.872456246497904,971.4031372572549,1,981.7970306874939,21
506,2019-02-08 03:10:00,19.872721446073854,970.4749387414324,1,981.2152901588435,21
507,2019-02-08 03:15:00,19.87315004761166,968.9748333591126,1,980.2777159004369,21
508,2019-02-08 03:20:00,19.873687515943743,967.0936941968193,1,978.7624579384976,21
509,2019-02-08 03:25:00,19.87435286045735,964.764988399196,1,976.8623173705247,21
510,2019-02-08 03:30:00,19.8751454119826,961.9910580608177,1,974.5100892921172,21
511,2019-02-08 03:35:00,19.876124253507896,958.5651127222832,1,971.7081394553716,21
512,2019-02-08 03:40:00,19.87719749603849,954.8087638652021,1,968.2475886083669,21
513,2019-02-08 03:45:00,19.878403118284268,950.5890860049817,1,964.4532968335375,21
514,2019-02-08 03:50:00,19.87973815566346,945.9164551778088,1,960.1909959646281,21
515,2019-02-08 03:55:00,19.881202066651213,940.7927667206764,1,955.4711668462716,21
516,2019-02-08 04:00:00,19.882794110832606,935.2206120858,1,950.2957239602792,21
517,2019-02-08 04:05:00,19.884513503224696,929.2027387134851,1,944.6672849351515,21
518,2019-02-08 04:10:00,19.886359402997073,922.7420895101659,1,938.5886249631163,21
519,2019-02-08 04:15:00,19.888330913035077,915.8418043771519,1,932.0627166769353,21
520,2019-02-08 04:20:00,19.890427079385063,908.5052221522005,1,925.0927316940929,21
521,2019-02-08 04:25:00,19.892646891047775,900.7358813327073,1,917.6820425779804,21
522,2019-02-08 04:30:00,19.89498927998403,892.5375200558108,1,909.8342235683913,21
523,2019-02-08 04:35:00,19.897453121270303,883.9140755538608,1,901.553050561425,21
524,2019-02-08 04:40:00,19.90003723336895,874.8696832086011,1,892.8425005594554,21
525,2019-02-08 04:45:00,19.902546758825906,866.0863441092488,1,883.7067507157587,21
526,2019-02-08 04:50:00,19.905366069592503,856.2187564261592,1,874.8346910194433,21
527,2019-02-08 04:55:00,19.90828954727249,845.9865845462105,1,864.8674307334942,21
528,2019-02-08 05:00:00,19.911328739856287,835.3494105029142,1,854.5319035820308,21
529,2019-02-08 05:05:00,19.914481391006973,824.3151314755153,1,843.787283336277,21
530,2019-02-08 05:10:00,19.917746061072478,812.8887862462477,1,832.641546944965,21
531,2019-02-08 05:15:00,19.921121203578423,801.0757874754404,1,821.0997840871189,21
532,2019-02-08 05:20:00,19.92460530953116,788.8814166408622,1,809.1674620964045,21
533,2019-02-08 05:25:00,19.928196739817622,776.3114106382432,1,796.8499157988507,21
534,2019-02-08 05:30:00,19.931893785044394,763.3717523445398,1,784.1529400386295,21
535,2019-02-08 05:35:00,19.93569468668551,750.0685966006415,1,771.0825781257978,21
536,2019-02-08 05:40:00,19.93959763663753,736.4082717685676,1,757.6450470713551,21
537,2019-02-08 05:45:00,19.94360077816765,722.3972764131474,1,743.8467391601694,21
538,2019-02-08 05:50:00,19.947702206799875,708.0422762003593,1,729.6942185991388,21
539,2019-02-08 05:55:00,19.951899971225203,693.3501007117115,1,715.1942183842013,21
540,2019-02-08 06:00:00,19.956192074236185,678.3277401732732,1,700.3536370825369,21
541,2019-02-08 06:05:00,19.96057647368076,662.9823421172603,1,685.1795355285589,21
542,2019-02-08 06:10:00,19.965051083438595,647.3212079648363,1,669.6791334517781,21
543,2019-02-08 06:15:00,19.969613774415677,631.3517895450502,1,653.8598060250872,21
544,2019-02-08 06:20:00,19.974262375562034,615.0816855328003,1,637.7290803485356,21
545,2019-02-08 06:25:00,19.978994674906573,598.5186378269134,1,621.2946318513135,21
546,2019-02-08 06:30:00,19.98380842061215,581.6705278573977,1,604.5642806332459,21
547,2019-02-08 06:35:00,19.98870132205002,564.5453728248526,1,587.5459877347452,21
548,2019-02-08 06:40:00,19.993671050890896,547.1513218817847,1,570.247851338235,21
549,2019-02-08 06:45:00,19.99871524221561,529.4966522452853,1,552.6781029108937,21
550,2019-02-08 06:50:00,20.003831495641236,511.58976525559297,1,534.845103278066,21
551,2019-02-08 06:55:00,20.009017376465806,493.43918236959894,1,516.7573386420131,21
552,2019-02-08 07:00:00,20.014270416827912,475.053541102227,1,498.42341653494844,21
553,2019-02-08 07:05:00,20.019588116881835,456.44159091349934,1,479.8520617194212,21
554,2019-02-08 07:10:00,20.02496794598926,437.61218903750887,1,461.0521120338378,21
555,2019-02-08 07:15:00,20.030407343923343,418.5742962682184,1,442.0325141793019,21
556,2019-02-08 07:20:00,20.035903722089813,399.33697268557466,1,422.8023194628469,21
557,2019-02-08 07:25:00,20.041454464757635,379.9093733481982,1,403.3706794803785,21
558,2019-02-08 07:30:00,20.047056930306496,360.3007439271835,1,383.7468417658568,21
559,2019-02-08 07:35:00,20.05270845248299,340.5204163094595,1,363.94014538099344,21
560,2019-02-08 07:40:00,20.05840634167123,320.57780415061643,1,343.96001647420155,21
561,2019-02-08 07:45:00,20.06414788617292,300.48239839470625,1,323.81596378850145,21
562,2019-02-08 07:50:00,20.06993035349859,280.24376275484997,1,303.5175741360669,21
563,2019-02-08 07:55:00,20.075750991668315,259.8715291608187,1,283.0745078331818,21
564,2019-02-08 08:00:00,20.081607030521695,239.3753931739866,1,262.4964941018371,21
565,2019-02-08 08:05:00,20.087495683036593,218.76510937184435,1,241.79332643837031,21
566,2019-02-08 08:10:00,20.093414146656016,198.05048670386327,1,220.97485795135793,21
567,2019-02-08 08:15:00,20.09935960462218,177.2413838222917,1,200.05099667056896,21
568,2019-02-08 08:20:00,20.105329227316417,156.34770439245926,1,179.03170083059769,21
569,2019-02-08 08:25:00,20.111320173607055,135.37939237522778,1,157.92697413379724,21
570,2019-02-08 08:30:00,20.117329592201088,114.34642729611255,1,136.74686098507857,21
571,2019-02-08 08:35:00,20.123354623001433,93.25881949490622,1,115.50144171324501,21
572,2019-02-08 08:40:00,20.129392398467814,72.12660536256976,1,94.20082777263255,21
573,2019-02-08 08:45:00,20.135440044982033,50.95984256280417,1,72.85515693188866,21
574,2019-02-08 08:50:00,20.14149468421482,29.768605248051472,1,51.47458844727694,21
575,2019-02-08 08:55:00,20.147553434496274,8.56297926296179,1,30.069298230355024,21
