,timestamp,T1,Toutdoor,CoolingPower,HeatingPower,FanPower,PumpPower,TotalHVACEnergy,HeatingSetpoint,CoolingSetpoint,FanControlInput,u_CoolingSetpoint,u_HeatingSetpoint,u_FanOverride,PMV,PPD
0,2019-01-01 00:00:00,21.40138277059475,0.0,0.0,0.0,5.231953892668184,0.0,1594556.4188195108,21.0,25.0,0.2,25.0,21.0,0.2,0.0,0.0
1,2019-01-01 00:05:00,21.414154431912323,0.0,0.0,0.0,5.231953892668184,0.0,1596126.0049873113,21.0,25.0,0.2,25.0,21.0,0.2,0.0,0.0
2,2019-01-01 00:10:00,20.937629440847104,0.0,0.0,1764.0158144253421,5.231953892668184,0.0,2284077.953880729,21.0,25.0,0.2,25.0,21.0,0.2,0.0,0.0
3,2019-01-01 00:15:00,20.887230354436895,0.0,0.0,3189.4445209767164,5.231953892668184,0.0,2846509.3750293814,21.0,25.0,0.2,25.0,21.0,0.2,0.0,0.0
4,2019-01-01 00:20:00,20.896058662559426,0.0,0.0,2939.7549983192644,5.231953892668184,0.0,3497530.738162798,21.0,25.0,0.2,25.0,21.0,0.2,0.0,0.0
5,2019-01-01 00:25:00,20.903486045661566,0.0,0.0,2729.687597450656,5.231953892668184,0.0,4196926.811896874,21.0,25.0,0.2,25.0,21.0,0.2,0.0,0.0
6,2019-01-01 00:30:00,20.92150154008391,0.0,0.0,2220.158462273273,5.231953892668184,0.0,4769864.2138824025,21.0,25.0,0.2,25.0,21.0,0.2,0.0,0.0
7,2019-01-01 00:35:00,20.926772543318123,0.0,0.0,2071.079582921784,5.231953892668184,0.0,5360819.344452001,21.0,25.0,0.2,25.0,21.0,0.2,0.0,0.0
8,2019-01-01 00:40:00,20.927546774019902,0.0,0.0,2049.182148932067,5.231953892668184,0.0,5966675.854662579,21.0,25.0,0.2,25.0,21.0,0.2,0.0,0.0
9,2019-01-01 00:45:00,20.926618709530032,0.0,0.0,2075.430437534436,5.231953892668184,0.0,6586447.601047089,21.0,25.0,0.2,25.0,21.0,0.2,0.0,0.0
10,2019-01-01 00:50:00,20.925108033435606,0.0,0.0,2118.15663010407,5.231953892668184,0.0,7219576.920517918,21.0,25.0,0.2,25.0,21.0,0.2,0.0,0.0
11,2019-01-01 00:55:00,20.923575936011332,0.0,0.0,2161.488678467377,5.231953892668184,0.0,7865591.7745838845,21.0,25.0,0.2,25.0,21.0,0.2,0.0,0.0
12,2019-01-01 01:00:00,20.922071009768388,0.0,0.0,2204.0522489748923,5.231953892668184,0.0,8523514.954872927,21.0,25.0,0.2,25.0,21.0,0.2,0.0,0.0
13,2019-01-01 01:05:00,20.920716677956364,0.0,0.0,2242.3565830523435,5.231953892668184,0.0,9192541.463609977,21.0,25.0,0.2,25.0,21.0,0.2,0.0,0.0
14,2019-01-01 01:10:00,20.91952192131606,0.0,0.0,2276.1476799497827,5.231953892668184,0.0,9871905.126917936,21.0,25.0,0.2,25.0,21.0,0.2,0.0,0.0
15,2019-01-01 01:15:00,20.918457210150336,0.0,0.0,2306.260723020791,5.231953892668184,0.0,10560813.964413004,21.0,25.0,0.2,25.0,21.0,0.2,0.0,0.0
16,2019-01-01 01:20:00,20.917476583152734,0.0,0.0,2333.9956280034876,5.231953892668184,0.0,11258486.103136428,21.0,25.0,0.2,25.0,21.0,0.2,0.0,0.0
17,2019-01-01 01:25:00,20.916564828926823,0.0,0.0,2359.7826162110573,5.231953892668184,0.0,11964203.334541311,21.0,25.0,0.2,25.0,21.0,0.2,0.0,0.0
18,2019-01-01 01:30:00,20.915727117614892,0.0,0.0,2383.4754613969812,5.231953892668184,0.0,12677318.909553394,21.0,25.0,0.2,25.0,21.0,0.2,0.0,0.0
19,2019-01-01 01:35:00,20.914955814793984,0.0,0.0,2405.290086634789,5.231953892668184,0.0,13397258.234687386,21.0,25.0,0.2,25.0,21.0,0.2,0.0,0.0
20,2019-01-01 01:40:00,20.914242779683946,0.0,0.0,2425.456736211639,5.231953892668184,0.0,14123494.370650878,21.0,25.0,0.2,25.0,21.0,0.2,0.0,0.0
21,2019-01-01 01:45:00,20.91358275656023,0.0,0.0,2444.1240568823487,5.231953892668184,0.0,14855551.523943495,21.0,25.0,0.2,25.0,21.0,0.2,0.0,0.0
22,2019-01-01 01:50:00,20.912970784462402,0.0,0.0,2461.4323586391297,5.231953892668184,0.0,15593001.206222791,21.0,25.0,0.2,25.0,21.0,0.2,0.0,0.0
23,2019-01-01 01:55:00,20.91240210247065,0.0,0.0,2477.516293759372,5.231953892668184,0.0,16335456.893393343,21.0,25.0,0.2,25.0,21.0,0.2,0.0,0.0
24,2019-01-01 02:00:00,20.911872473492565,0.0,0.0,2492.4956992001835,5.231953892668184,0.0,17082570.10979547,21.0,25.0,0.2,25.0,21.0,0.2,0.0,0.0
25,2019-01-01 02:05:00,20.911378129859884,0.0,0.0,2506.477135276015,5.231953892668184,0.0,17834024.976689763,21.0,25.0,0.2,25.0,21.0,0.2,0.0,0.0
26,2019-01-01 02:10:00,20.91091574976258,0.0,0.0,2519.5545521694503,5.231953892668184,0.0,18589537.13120257,21.0,25.0,0.2,25.0,21.0,0.2,0.0,0.0
27,2019-01-01 02:15:00,20.910482445549064,0.0,0.0,2531.8096208345446,5.231953892668184,0.0,19348847.85946984,21.0,25.0,0.2,25.0,21.0,0.2,0.0,0.0
28,2019-01-01 02:20:00,20.91007569466018,0.0,0.0,2543.313686378772,5.231953892668184,0.0,20111721.391557902,21.0,25.0,0.2,25.0,21.0,0.2,0.0,0.0
29,2019-01-01 02:25:00,20.90969325608387,0.0,0.0,2554.130130961266,5.231953892668184,0.0,20877937.2884571,21.0,25.0,0.2,25.0,21.0,0.2,0.0,0.0
30,2019-01-01 02:30:00,20.909333279587543,0.0,0.0,2564.3112843927343,5.231953892668184,0.0,21647302.92440046,21.0,25.0,0.2,25.0,21.0,0.2,0.0,0.0
31,2019-01-01 02:35:00,20.90899610388209,0.0,0.0,2573.8475669712248,5.231953892668184,0.0,22419637.960027415,21.0,25.0,0.2,25.0,21.0,0.2,0.0,0.0
32,2019-01-01 02:40:00,20.90868323092087,0.0,0.0,2582.69649920767,5.231953892668184,0.0,23194722.275981788,21.0,25.0,0.2,25.0,21.0,0.2,0.0,0.0
33,2019-01-01 02:45:00,20.908390844551434,0.0,0.0,2590.9660126867175,5.231953892668184,0.0,23972363.35401047,21.0,25.0,0.2,25.0,21.0,0.2,0.0,0.0
34,2019-01-01 02:50:00,20.908115113777455,0.0,0.0,2598.7644588194416,5.231953892668184,0.0,24752414.136082336,21.0,25.0,0.2,25.0,21.0,0.2,0.0,0.0
35,2019-01-01 02:55:00,20.907854205009073,0.0,0.0,2606.143696713081,5.231953892668184,0.0,25534741.160706107,21.0,25.0,0.2,25.0,21.0,0.2,0.0,0.0
36,2019-01-01 03:00:00,20.90760710375872,0.0,0.0,2613.1324189452585,5.231953892668184,0.0,26319222.580175586,21.0,25.0,0.2,25.0,21.0,0.2,0.0,0.0
37,2019-01-01 03:05:00,20.9073730377155,0.0,0.0,2619.7524686524803,5.231953892668184,0.0,27105742.465994857,21.0,25.0,0.2,25.0,21.0,0.2,0.0,0.0
38,2019-01-01 03:10:00,20.907151218462218,0.0,0.0,2626.0261445029278,5.231953892668184,0.0,27894196.597076587,21.0,25.0,0.2,25.0,21.0,0.2,0.0,0.0
39,2019-01-01 03:15:00,20.90694099834917,0.0,0.0,2631.9717638618313,5.231953892668184,0.0,28684483.41860405,21.0,25.0,0.2,25.0,21.0,0.2,0.0,0.0
40,2019-01-01 03:20:00,20.90674175529432,0.0,0.0,2637.606920968734,5.231953892668184,0.0,29476507.07639632,21.0,25.0,0.2,25.0,21.0,0.2,0.0,0.0
41,2019-01-01 03:25:00,20.90655288989808,0.0,0.0,2642.948568539148,5.231953892668184,0.0,30270177.021494806,21.0,25.0,0.2,25.0,21.0,0.2,0.0,0.0
42,2019-01-01 03:30:00,20.90637383784218,0.0,0.0,2648.01266708981,5.231953892668184,0.0,31065407.512764126,21.0,25.0,0.2,25.0,21.0,0.2,0.0,0.0
43,2019-01-01 03:35:00,20.906204069071123,0.0,0.0,2652.8142080894554,5.231953892668184,0.0,31862117.55678217,21.0,25.0,0.2,25.0,21.0,0.2,0.0,0.0
44,2019-01-01 03:40:00,20.90604308267166,0.0,0.0,2657.3673587813805,5.231953892668184,0.0,32660230.536087483,21.0,25.0,0.2,25.0,21.0,0.2,0.0,0.0
45,2019-01-01 03:45:00,20.905890406674075,0.0,0.0,2661.685467803935,5.231953892668184,0.0,33459673.957284518,21.0,25.0,0.2,25.0,21.0,0.2,0.0,0.0
46,2019-01-01 03:50:00,20.905745596386055,0.0,0.0,2665.781112313602,5.231953892668184,0.0,34260379.23590799,21.0,25.0,0.2,25.0,21.0,0.2,0.0,0.0
47,2019-01-01 03:55:00,20.90560823155647,0.0,0.0,2669.6661782008246,5.231953892668184,0.0,35062281.40836124,21.0,25.0,0.2,25.0,21.0,0.2,0.0,0.0
48,2019-01-01 04:00:00,20.90547792017213,0.0,0.0,2673.351752707387,5.231953892668184,0.0,35865318.989974216,21.0,25.0,0.2,25.0,21.0,0.2,0.0,0.0
49,2019-01-01 04:05:00,20.90535437786417,0.0,0.0,2676.8458785891016,5.231953892668184,0.0,36669433.384352654,21.0,25.0,0.2,25.0,21.0,0.2,0.0,0.0
50,2019-01-01 04:10:00,20.905237363392132,0.0,0.0,2680.155378808388,5.231953892668184,0.0,37474568.229246035,21.0,25.0,0.2,25.0,21.0,0.2,0.0,0.0
51,2019-01-01 04:15:00,20.905126720554733,0.0,0.0,2683.28467117926,5.231953892668184,0.0,38280668.805505,21.0,25.0,0.2,25.0,21.0,0.2,0.0,0.0
52,2019-01-01 04:20:00,20.905022330454813,0.0,0.0,2686.2371184497442,5.231953892668184,0.0,39087681.55089829,21.0,25.0,0.2,25.0,21.0,0.2,0.0,0.0
53,2019-01-01 04:25:00,20.904924077424425,0.0,0.0,2689.015992036454,5.231953892668184,0.0,39895553.880606346,21.0,25.0,0.2,25.0,21.0,0.2,0.0,0.0
54,2019-01-01 04:30:00,20.904831830725584,0.0,0.0,2691.6249895794413,5.231953892668184,0.0,40704234.240748845,21.0,25.0,0.2,25.0,21.0,0.2,0.0,0.0
55,2019-01-01 04:35:00,20.90474513156721,0.0,0.0,2694.0770869879834,5.231953892668184,0.0,41513668.375207976,21.0,25.0,0.2,25.0,21.0,0.2,0.0,0.0
56,2019-01-01 04:40:00,20.90466151990222,0.0,0.0,2696.441861351357,5.231953892668184,0.0,42323829.29178848,21.0,25.0,0.2,25.0,21.0,0.2,0.0,0.0
57,2019-01-01 04:45:00,20.904578938269424,0.0,0.0,2698.7775034910437,5.231953892668184,0.0,43134687.63196739,21.0,25.0,0.2,25.0,21.0,0.2,0.0,0.0
58,2019-01-01 04:50:00,20.904499618292334,0.0,0.0,2701.0208967824683,5.231953892668184,0.0,43946244.87407037,21.0,25.0,0.2,25.0,21.0,0.2,0.0,0.0
59,2019-01-01 04:55:00,20.904425348431687,0.0,0.0,2703.121458497745,5.231953892668184,0.0,44758460.07355239,21.0,25.0,0.2,25.0,21.0,0.2,0.0,0.0
60,2019-01-01 05:00:00,20.904356427367645,0.0,0.0,2705.070741117105,5.231953892668184,0.0,45571271.81684705,21.0,25.0,0.2,25.0,21.0,0.2,0.0,0.0
61,2019-01-01 05:05:00,20.90429306839883,0.0,0.0,2706.8627119523157,5.231953892668184,0.0,46384641.24300252,21.0,25.0,0.2,25.0,21.0,0.2,0.0,0.0
62,2019-01-01 05:10:00,20.90423472394548,0.0,0.0,2708.5128581076806,5.231953892668184,0.0,47198524.68930236,21.0,25.0,0.2,25.0,21.0,0.2,0.0,0.0
63,2019-01-01 05:15:00,20.904181060969563,0.0,0.0,2710.0305988406403,5.231953892668184,0.0,48012881.68357182,21.0,25.0,0.2,25.0,21.0,0.2,0.0,0.0
64,2019-01-01 05:20:00,20.90413175867593,0.0,0.0,2711.425007145399,5.231953892668184,0.0,48827674.68155329,21.0,25.0,0.2,25.0,21.0,0.2,0.0,0.0
65,2019-01-01 05:25:00,20.904086544743848,0.0,0.0,2712.703785022488,5.231953892668184,0.0,49642868.169079944,21.0,25.0,0.2,25.0,21.0,0.2,0.0,0.0
66,2019-01-01 05:30:00,20.904045222212744,0.0,0.0,2713.872503073902,5.231953892668184,0.0,50458428.42127397,21.0,25.0,0.2,25.0,21.0,0.2,0.0,0.0
67,2019-01-01 05:35:00,20.90400766706813,0.0,0.0,2714.9346687801976,5.231953892668184,0.0,51274323.086294346,21.0,25.0,0.2,25.0,21.0,0.2,0.0,0.0
68,2019-01-01 05:40:00,20.903974472526784,0.0,0.0,2715.8735042929848,5.231953892668184,0.0,52090519.31669659,21.0,25.0,0.2,25.0,21.0,0.2,0.0,0.0
69,2019-01-01 05:45:00,20.903953241642796,0.0,0.0,2716.4739737391033,5.231953892668184,0.0,52906949.99088953,21.0,25.0,0.2,25.0,21.0,0.2,0.0,0.0
70,2019-01-01 05:50:00,20.90393967468208,0.0,0.0,2716.8576857593966,5.231953892668184,0.0,53723523.90834284,21.0,25.0,0.2,25.0,21.0,0.2,0.0,0.0
71,2019-01-01 05:55:00,20.903925844562593,0.0,0.0,2717.2488406539273,5.231953892668184,0.0,54540205.11346677,21.0,25.0,0.2,25.0,21.0,0.2,0.0,0.0
72,2019-01-01 06:00:00,20.90394566054539,0.010046666666653437,0.0,2716.688388615253,5.231953892668184,0.0,55356986.117339954,21.0,25.0,0.2,25.0,21.0,0.2,0.0,0.0
73,2019-01-01 06:05:00,20.90431677565101,0.11633416666666108,0.0,2706.192203809775,5.231953892668184,0.0,56172071.74656997,21.0,25.0,0.2,25.0,21.0,0.2,0.0,0.0
74,2019-01-01 06:10:00,20.904911354334274,0.3220800000000281,0.0,2689.375837010428,5.231953892668184,0.0,56983117.09006953,21.0,25.0,0.2,25.0,21.0,0.2,0.0,0.0
75,2019-01-01 06:15:00,20.905698877739155,0.6066591666666454,0.0,2667.1024477814676,5.231953892668184,0.0,57788266.11689016,21.0,25.0,0.2,25.0,21.0,0.2,0.0,0.0
76,2019-01-01 06:20:00,20.906643912049162,0.9494466666666881,0.0,2640.3742046701577,5.231953892668184,0.0,58586029.1597919,21.0,25.0,0.2,25.0,21.0,0.2,0.0,0.0
77,2019-01-01 06:25:00,20.90770333599056,1.32981749999999,0.0,2610.4106992568522,5.231953892668184,0.0,59375247.3871653,21.0,25.0,0.2,25.0,21.0,0.2,0.0,0.0
78,2019-01-01 06:30:00,20.908828515729567,1.7271466666666697,0.0,2578.5874339112297,5.231953892668184,0.0,60155159.806852885,21.0,25.0,0.2,25.0,21.0,0.2,0.0,0.0
79,2019-01-01 06:35:00,20.90997019730952,2.1208091666666746,0.0,2546.2974498317767,5.231953892668184,0.0,60925420.49141294,21.0,25.0,0.2,25.0,21.0,0.2,0.0,0.0
80,2019-01-01 06:40:00,20.911075387528854,2.4901800000000094,0.0,2515.03954463848,5.231953892668184,0.0,61686115.51268779,21.0,25.0,0.2,25.0,21.0,0.2,0.0,0.0
81,2019-01-01 06:45:00,20.912088568213335,2.8146341666666785,0.0,2486.383929319823,5.231953892668184,0.0,62437789.38036015,21.0,25.0,0.2,25.0,21.0,0.2,0.0,0.0
82,2019-01-01 06:50:00,20.912951685595203,3.0735466666666866,0.0,2461.9725286205116,5.231953892668184,0.0,63181440.228670284,21.0,25.0,0.2,25.0,21.0,0.2,0.0,0.0
83,2019-01-01 06:55:00,20.91360516368985,3.2462924999999814,0.0,2443.4903198829893,5.231953892668184,0.0,63918630.64709805,21.0,25.0,0.2,25.0,21.0,0.2,0.0,0.0
84,2019-01-01 07:00:00,20.914005641931226,3.3167100411522483,0.0,2432.1636625511865,5.231953892668184,0.0,64651374.57064647,21.0,25.0,0.2,25.0,21.0,0.2,0.0,0.0
85,2019-01-01 07:05:00,20.914291188567233,3.31571924897122,0.0,2424.0875960782487,5.231953892668184,0.0,65381259.031611644,21.0,25.0,0.2,25.0,21.0,0.2,0.0,0.0
86,2019-01-01 07:10:00,20.914445357629916,3.2622577777777906,0.0,2419.727258951881,5.231953892668184,0.0,66109337.05624701,21.0,25.0,0.2,25.0,21.0,0.2,0.0,0.0
87,2019-01-01 07:15:00,20.914497361786857,3.167104948559654,0.0,2418.256434311108,5.231953892668184,0.0,66836540.9427222,21.0,25.0,0.2,25.0,21.0,0.2,0.0,0.0
88,2019-01-01 07:20:00,20.91447612835043,3.041040082304505,0.0,2418.85697594745,5.231953892668184,0.0,67563634.69867855,21.0,25.0,0.2,25.0,21.0,0.2,0.0,0.0
89,2019-01-01 07:25:00,20.914414947918203,2.8948424999999816,0.0,2420.5873316063708,5.231953892668184,0.0,68291099.97180776,21.0,25.0,0.2,25.0,21.0,0.2,0.0,0.0
90,2019-01-01 07:30:00,20.91434282125408,2.739291522633721,0.0,2422.627277662351,5.231953892668184,0.0,69019165.01757906,21.0,25.0,0.2,25.0,21.0,0.2,0.0,0.0
91,2019-01-01 07:35:00,20.914372189513585,2.5851664711934177,0.0,2421.7966602218257,5.231953892668184,0.0,69747492.088525,21.0,25.0,0.2,25.0,21.0,0.2,0.0,0.0
92,2019-01-01 07:40:00,20.914550856220444,2.443246666666653,0.0,2416.743460431885,5.231953892668184,0.0,70474940.5991357,21.0,25.0,0.2,25.0,21.0,0.2,0.0,0.0
93,2019-01-01 07:45:00,20.915076097333667,2.3243114300411776,0.0,2401.8881562195097,5.231953892668184,0.0,71199613.32747144,21.0,25.0,0.2,25.0,21.0,0.2,0.0,0.0
94,2019-01-01 07:50:00,20.91595326260068,2.239140082304516,0.0,2377.0794415969076,5.231953892668184,0.0,71918330.48682174,21.0,25.0,0.2,25.0,21.0,0.2,0.0,0.0
95,2019-01-01 07:55:00,20.91720476741341,2.1985119444444194,0.0,2341.683345883377,5.231953892668184,0.0,72627802.58011729,21.0,25.0,0.2,25.0,21.0,0.2,0.0,0.0
96,2019-01-01 08:00:00,20.916403562898665,2.208814732510291,0.0,2364.3436755933044,5.231953892668184,0.0,73209264.74418783,21.0,25.0,0.2,25.0,21.0,0.2,0.0,0.0
97,2019-01-01 08:05:00,20.92207815536119,2.236984125514425,0.0,2203.8501514006466,5.231953892668184,0.0,73805845.08378938,21.0,25.0,0.2,25.0,21.0,0.2,-0.4602664146763323,9.422027302183764
98,2019-01-01 08:10:00,20.927462454488648,2.274648888888862,0.0,2051.5669437554147,5.231953892668184,0.0,74396080.57732745,21.0,25.0,0.2,25.0,21.0,0.2,-0.4590230760514381,9.397998219035742
99,2019-01-01 08:15:00,20.931675582512128,2.3227272325102604,0.0,1932.4077673337629,5.231953892668184,0.0,74971432.75677772,21.0,25.0,0.2,25.0,21.0,0.2,-0.4580501539475905,9.379241693730563
100,2019-01-01 08:20:00,20.934969439267604,2.382137366255165,0.0,1839.2481823303856,5.231953892668184,0.0,75529306.95545585,21.0,25.0,0.2,25.0,21.0,0.2,-0.4572894977230495,9.364605730795233
101,2019-01-01 08:25:00,20.937675920641368,2.4537975000000074,0.0,1762.7012343855497,5.231953892668184,0.0,76068565.8658391,21.0,25.0,0.2,25.0,21.0,0.2,-0.4566644732943581,9.352598131987563
102,2019-01-01 08:30:00,20.939869231585647,2.5386258436213893,0.0,1700.6681975776748,5.231953892668184,0.0,76589715.02981949,21.0,25.0,0.2,25.0,21.0,0.2,-0.45615795063396347,9.342879454493087
103,2019-01-01 08:35:00,20.941802496843593,2.6375406069959126,0.0,1645.9899882620173,5.231953892668184,0.0,77093640.50408004,21.0,25.0,0.2,25.0,21.0,0.2,-0.4557114770346465,9.334322098551155
104,2019-01-01 08:40:00,20.943574527572935,2.7514600000000087,0.0,1595.8719474321533,5.231953892668184,0.0,77581554.6171939,21.0,25.0,0.2,25.0,21.0,0.2,-0.45530223458890245,9.326485871431643
105,2019-01-01 08:45:00,20.94519845871389,2.8813022325102793,0.0,1549.9425818293873,5.231953892668184,0.0,78054829.79831527,21.0,25.0,0.2,25.0,21.0,0.2,-0.45492719104497537,9.31931081901945
106,2019-01-01 08:50:00,20.946680452259955,3.0279855144032695,0.0,1508.02761284977,5.231953892668184,0.0,78514872.86326712,21.0,25.0,0.2,25.0,21.0,0.2,-0.45458492433569164,9.31276811152307
107,2019-01-01 08:55:00,20.94801661505204,3.192428055555581,0.0,1470.2371500433026,5.231953892668184,0.0,78963003.5234496,21.0,25.0,0.2,25.0,21.0,0.2,-0.4542763345198886,9.306873487131952
108,2019-01-01 09:00:00,20.949242952828854,3.3806785185184935,0.0,1435.5528492849387,5.231953892668184,0.0,79400353.22368255,21.0,25.0,0.2,25.0,21.0,0.2,-0.4539931067454905,9.301466930350784
109,2019-01-01 09:05:00,20.95051423272986,3.635730370370368,0.0,1399.597458145414,5.231953892668184,0.0,79827086.48877503,21.0,25.0,0.2,25.0,21.0,0.2,-0.45369949708394564,9.295865837070039
110,2019-01-01 09:10:00,20.95179354364882,3.954560000000015,0.0,1363.4149271041165,5.231953892668184,0.0,80243114.7939348,21.0,25.0,0.2,25.0,21.0,0.2,-0.4534040302288538,9.290233059623546
111,2019-01-01 09:15:00,20.9531110140764,4.321611851851856,0.0,1326.1531372331729,5.231953892668184,0.0,80648160.51698121,21.0,25.0,0.2,25.0,21.0,0.2,-0.45309974763932753,9.284436145482971
112,2019-01-01 09:20:00,20.95450855904562,4.721330370370367,0.0,1286.6266128511222,5.231953892668184,0.0,81041685.84510149,21.0,25.0,0.2,25.0,21.0,0.2,-0.4527769682864711,9.27829120249929
113,2019-01-01 09:25:00,20.956015138038765,5.138160000000028,0.0,1244.0162978935111,5.231953892668184,0.0,81422909.05566636,21.0,25.0,0.2,25.0,21.0,0.2,-0.45242900305625494,9.27167180220134
114,2019-01-01 09:30:00,20.95767681855716,5.5565451851852,0.0,1197.0192731308025,5.231953892668184,0.0,81790799.02480592,21.0,25.0,0.2,25.0,21.0,0.2,-0.4520452111422052,9.264376906752261
115,2019-01-01 09:35:00,20.960124182267066,5.960930370370363,0.0,1127.8009055779353,5.231953892668184,0.0,82141932.02248119,21.0,25.0,0.2,25.0,21.0,0.2,-0.4514799456809509,9.253644207367202
116,2019-01-01 09:40:00,20.963455525957386,6.335759999999993,0.0,1033.5810840335325,5.231953892668184,0.0,82464954.3246369,21.0,25.0,0.2,25.0,21.0,0.2,-0.4507104940765809,9.239056715965148
117,2019-01-01 09:45:00,20.96739048171355,6.665478518518512,0.0,922.2894060813916,5.231953892668184,0.0,82758831.7005768,21.0,25.0,0.2,25.0,21.0,0.2,-0.4498016032906449,9.221858506244246
118,2019-01-01 09:50:00,20.972803273053387,6.934530370370396,0.0,769.2003580860278,5.231953892668184,0.0,83014404.67801511,21.0,25.0,0.2,25.0,21.0,0.2,-0.44855132707262607,9.198258594329914
119,2019-01-01 09:55:00,20.976824567814106,7.12736000000001,0.0,655.4667688939817,5.231953892668184,0.0,83232150.98220243,21.0,25.0,0.2,25.0,21.0,0.2,-0.44762243864918116,9.180768651182603
120,2019-01-01 10:00:00,20.983423697367584,7.235119658119686,0.0,468.82472091680825,5.231953892668184,0.0,83409684.55774148,21.0,25.0,0.2,25.0,21.0,0.2,-0.44609803884023974,9.152146300353863
121,2019-01-01 10:05:00,20.95162314901495,7.310429487179476,0.0,1368.234169274159,5.231953892668184,0.0,83574664.71280764,21.0,25.0,0.2,25.0,21.0,0.2,-0.4534433843392127,9.290983089170126
122,2019-01-01 10:10:00,20.966738269786106,7.370461538461541,0.0,940.7358040293317,5.231953892668184,0.0,83887855.93760331,21.0,25.0,0.2,25.0,21.0,0.2,-0.4499522518878494,9.224706651703983
123,2019-01-01 10:15:00,20.978788804122587,7.418420940170961,0.0,599.9126106743084,5.231953892668184,0.0,84126933.48903696,21.0,25.0,0.2,25.0,21.0,0.2,-0.44716870645150664,9.172238864717755
124,2019-01-01 10:20:00,21.032941302533573,7.457512820512818,0.0,0.0,5.231953892668184,0.0,84252240.12939848,21.0,25.0,0.2,25.0,21.0,0.2,-0.43465743396233736,8.940523708503548
125,2019-01-01 10:25:00,21.337157964468986,7.490942307692308,0.0,0.0,5.231953892668184,0.0,84253809.71556628,21.0,25.0,0.2,25.0,21.0,0.2,-0.3642919117274618,7.762278635140419
126,2019-01-01 10:30:00,21.797496212943486,7.521914529914511,0.0,0.0,5.231953892668184,0.0,84255379.30173409,21.0,25.0,0.2,25.0,21.0,0.2,-0.25755505195122863,6.37709736385591
127,2019-01-01 10:35:00,22.28169030320754,7.553634615384624,0.0,0.0,5.231953892668184,0.0,84256948.88790189,21.0,25.0,0.2,25.0,21.0,0.2,-0.1449443725382108,5.435299712390034
128,2019-01-01 10:40:00,22.40894770382704,7.5893076923076705,0.0,0.0,5.231953892668184,0.0,84258518.47406968,21.0,25.0,0.2,25.0,21.0,0.2,-0.11528879505366868,5.27530388373728
129,2019-01-01 10:45:00,22.552328124467067,7.632138888888903,0.0,0.0,5.231953892668184,0.0,84260088.06023748,21.0,25.0,0.2,25.0,21.0,0.2,-0.08184638333752314,5.138710715168855
130,2019-01-01 10:50:00,22.830043451070082,7.685333333333347,0.0,0.0,5.231953892668184,0.0,84261657.64640528,21.0,25.0,0.2,25.0,21.0,0.2,-0.016981703650509137,5.00596965147831
131,2019-01-01 10:55:00,23.214922868530778,7.752096153846139,0.0,0.0,5.231953892668184,0.0,84263227.23257309,21.0,25.0,0.2,25.0,21.0,0.2,0.07310987732657276,5.110671783333359
132,2019-01-01 11:00:00,23.670063216609947,7.834539173789153,0.0,0.0,5.231953892668184,0.0,84264796.81874089,21.0,25.0,0.2,25.0,21.0,0.2,0.17994672835836664,5.671256433443347
133,2019-01-01 11:05:00,24.171627916339276,7.924336627492892,0.0,0.0,5.231953892668184,0.0,84266366.40490869,21.0,25.0,0.2,25.0,21.0,0.2,0.29806097628663497,6.846008983129053
134,2019-01-01 11:10:00,24.693805326340623,8.018153846153837,0.0,0.0,5.231953892668184,0.0,84267935.99107648,21.0,25.0,0.2,25.0,21.0,0.2,0.421459008610549,8.703368546185544
135,2019-01-01 11:15:00,25.05948552651091,8.114855680199412,1.152878745677077e-05,0.0,8.636939846592734,5.601525644071838,84270468.89295344,21.0,25.0,0.23794210604364707,25.0,21.0,0.23794210604364707,0.5081391014994044,10.397922914285175
136,2019-01-01 11:20:00,25.068538944411216,8.213306980056984,1.149750406335046e-05,0.0,13.146034545361331,5.601525644071838,84275390.60038212,21.0,25.0,0.27415577764486443,25.0,21.0,0.27415577764486443,0.5102878951233437,10.444047429855303
137,2019-01-01 11:25:00,25.07711107363491,8.312372596153864,1.1461199357694487e-05,0.0,18.71475583848566,5.601525644071838,84281827.55319038,21.0,25.0,0.3084442945396404,25.0,21.0,0.3084442945396404,0.5123225814662645,10.487906645899017
138,2019-01-01 11:30:00,25.08515759694552,8.410917378917361,42.09055657793577,0.0,25.206010248639615,5.601525644071838,84290412.54194827,21.0,25.0,0.34063038778208465,25.0,21.0,0.34063038778208465,0.5142326200499403,10.529241921127792
139,2019-01-01 11:35:00,25.09265788938609,8.507806178774956,124.97751383203457,0.0,32.46991305832134,5.601525644071838,84333547.7259065,21.0,25.0,0.37063155754435684,25.0,21.0,0.37063155754435684,0.5160130937155826,10.567915388428034
140,2019-01-01 11:40:00,25.099633358154108,8.601903846153846,143.90956835817272,0.0,40.36902135550622,5.601525644071838,84386456.49157183,21.0,25.0,0.39853343261643204,25.0,21.0,0.39853343261643204,0.5176690643548681,10.604007632849843
141,2019-01-01 11:45:00,25.106099808892623,8.692075231481454,163.38532653923838,0.0,48.75034804097901,5.601525644071838,84447582.06998889,21.0,25.0,0.4243992355704904,25.0,21.0,0.4243992355704904,0.5192042663444495,10.637573681303607
142,2019-01-01 11:50:00,25.112071673585774,8.777185185185203,183.06711972997633,0.0,57.45416109447424,5.601525644071838,84517155.98688415,21.0,25.0,0.4482866943430963,25.0,21.0,0.4482866943430963,0.5206221098996026,10.66866436182606
143,2019-01-01 11:55:00,25.117563863115834,8.856098557692292,202.66224541692415,0.0,66.3216711575424,5.601525644071838,84595268.12446886,21.0,25.0,0.4702554524633342,25.0,21.0,0.4702554524633342,0.5219261207433964,10.697335700726356
144,2019-01-01 12:00:00,25.122591852248036,8.927380555555544,221.9030525232679,0.0,75.20015508992776,5.601525644071838,84681878.43009141,21.0,25.0,0.4903674089921424,25.0,21.0,0.4903674089921424,0.5231199601908748,10.723649226056395
145,2019-01-01 12:05:00,25.127147194194492,8.988090624999984,240.4628263315556,0.0,83.89851197852666,5.601525644071838,84776809.77377526,21.0,25.0,0.5085887767779695,25.0,21.0,0.5085887767779695,0.5242016109769504,10.747543255601641
146,2019-01-01 12:10:00,25.13128860547772,9.039199999999994,258.20689422480496,0.0,92.36661363449853,5.601525644071838,84879760.98455225,21.0,25.0,0.5251544219108837,25.0,21.0,0.5251544219108837,0.5251850050878767,10.76931071287602
147,2019-01-01 12:15:00,25.13505126274049,9.082531597222214,275.077768357412,0.0,100.53791243909185,5.601525644071838,84990404.640071,21.0,25.0,0.5402050509619585,25.0,21.0,0.5402050509619585,0.5260784871894321,10.78912426110567
148,2019-01-01 12:20:00,25.13845743162534,9.119908333333342,290.99361805236543,0.0,108.33847780498265,5.601525644071838,85108365.1423791,21.0,25.0,0.5538297265013625,25.0,21.0,0.5538297265013625,0.5268873376148021,10.807090850632363
149,2019-01-01 12:25:00,25.141525902590786,9.153153125000017,305.8819808709397,0.0,115.70222629707264,5.601525644071838,85233223.92210594,21.0,25.0,0.5661036103631432,25.0,21.0,0.5661036103631432,0.5276160125889505,10.823300794503965
150,2019-01-01 12:30:00,25.144273615299937,9.18408888888888,319.6856688682404,0.0,122.57295603617885,5.601525644071838,85364521.5705908,21.0,25.0,0.5770944611997493,25.0,21.0,0.5770944611997493,0.5282685297801427,10.837836058606499
151,2019-01-01 12:35:00,25.14672117134876,9.214538541666684,332.3822751983366,0.0,128.9176179215149,5.601525644071838,85501771.93666884,21.0,25.0,0.5868846853950345,25.0,21.0,0.5868846853950345,0.5288497773392817,10.850799267531286
152,2019-01-01 12:40:00,25.148891054820695,9.246325000000013,343.98683573796967,0.0,134.7223766692216,5.601525644071838,85644495.10544614,21.0,25.0,0.5955642192827781,25.0,21.0,0.5955642192827781,0.5293650912839735,10.862304232559168
153,2019-01-01 12:45:00,25.150695145728264,9.281271180555564,354.18192921455164,0.0,139.67918877485684,5.601525644071838,85792167.15570773,21.0,25.0,0.6027805829130557,25.0,21.0,0.6027805829130557,0.5297935410541408,10.87187861101836
154,2019-01-01 12:50:00,25.152183769022656,9.321199999999976,362.7631472705726,0.0,143.85962466550617,5.601525644071838,85943964.649787,21.0,25.0,0.6087350760906247,25.0,21.0,0.6087350760906247,0.5301470751378803,10.879784866940682
155,2019-01-01 12:55:00,25.153494929875194,9.367934375000004,370.50303170786435,0.0,147.61008147726236,5.601525644071838,86099394.61309871,21.0,25.0,0.6139797195007759,25.0,21.0,0.6139797195007759,0.5304584665924824,10.886753149395133
156,2019-01-01 13:00:00,25.154619899376144,9.425580555555541,377.45073050135284,0.0,150.87944384429105,5.601525644071838,86258080.09179637,21.0,25.0,0.6184795975045745,25.0,21.0,0.6184795975045745,0.5307256411823985,10.892735298660497
157,2019-01-01 13:05:00,25.15557301571323,9.513849652777765,383.827790346317,0.0,153.68685620561646,5.601525644071838,86419674.27013394,21.0,25.0,0.6222920628529209,25.0,21.0,0.6222920628529209,0.5309520031507573,10.897806055334684
158,2019-01-01 13:10:00,25.156360628009566,9.630400000000009,389.73251394346505,0.0,156.0328833151689,5.601525644071838,86583876.05383328,21.0,25.0,0.6254425120382621,25.0,21.0,0.6254425120382621,0.5311390595931227,10.901997999436674
159,2019-01-01 13:15:00,25.156982208618388,9.767158680555553,395.0844301313966,0.0,157.90112366471203,5.601525644071838,86750400.63192874,21.0,25.0,0.6279288344735505,25.0,21.0,0.6279288344735505,0.5312866845462677,10.905307351679369
160,2019-01-01 13:20:00,25.157435353682672,9.916052777777793,399.7670650914343,0.0,159.2724673979115,5.601525644071838,86918918.25800827,21.0,25.0,0.6297414147306881,25.0,21.0,0.6297414147306881,0.5313943065802585,10.907720541435921
161,2019-01-01 13:25:00,25.15771528600186,10.069009375000007,403.64245052012797,0.0,160.12357549341175,5.601525644071838,87089055.43589845,21.0,25.0,0.6308611440074401,25.0,21.0,0.6308611440074401,0.5314607907261298,10.909211554262797
162,2019-01-01 13:30:00,25.15781425323138,10.217955555555534,406.54950688888744,0.0,160.42520001952852,5.601525644071838,87260387.12492035,21.0,25.0,0.6312570129255164,25.0,21.0,0.6312570129255164,0.5314842955519795,10.909738733205046
163,2019-01-01 13:35:00,25.157708395242253,10.354818402777767,408.2507175677882,0.0,160.1025884688706,5.601525644071838,87432417.67763034,21.0,25.0,0.6308335809690107,25.0,21.0,0.6308335809690107,0.5314591541637378,10.909174849447552
164,2019-01-01 13:40:00,25.157365584668582,10.471524999999986,408.43921757241884,0.0,159.0608117759774,5.601525644071838,87604531.71226774,21.0,25.0,0.6294623386743297,25.0,21.0,0.6294623386743297,0.5313777364047866,10.907348958666304
165,2019-01-01 13:45:00,25.156765118662236,10.560002430555528,406.8559977140579,0.0,157.24694699883625,5.601525644071838,87776010.16540863,21.0,25.0,0.6270604746489425,25.0,21.0,0.6270604746489425,0.5312351257631445,10.904151435943447
166,2019-01-01 13:50:00,25.155893429581965,10.612177777777788,403.29901354819793,0.0,154.63840085325126,5.601525644071838,87946052.76267606,21.0,25.0,0.6235737183278616,25.0,21.0,0.6235737183278616,0.5310281007193607,10.899511222780703
167,2019-01-01 13:55:00,25.154744211158288,10.619978124999989,397.6356859438973,0.0,151.2436500606553,5.601525644071838,88113820.50372355,21.0,25.0,0.6189768446331527,25.0,21.0,0.6189768446331527,0.5307551647329987,10.8933965327912
168,2019-01-01 14:00:00,25.15331552493626,10.579999999999984,389.8176690807974,0.0,147.0931060125911,5.601525644071838,88278429.85890508,21.0,25.0,0.6132620997450431,25.0,21.0,0.6132620997450431,0.5304158590168297,10.885799433976644
169,2019-01-01 14:05:00,25.151643717044635,10.529999999999973,380.44055344736745,0.0,142.3335164935619,5.601525644071838,88439092.26280314,21.0,25.0,0.6065748681785408,25.0,21.0,0.6065748681785408,0.5300188174295822,10.87691595141898
170,2019-01-01 14:10:00,25.149761266149767,10.480000000000018,370.0313008568614,0.0,137.09841219330485,5.601525644071838,88595274.74195135,21.0,25.0,0.5990450645990677,25.0,21.0,0.5990450645990677,0.529571755276963,10.866921469537417
171,2019-01-01 14:15:00,25.147693952446673,10.430000000000007,358.8333178520937,0.0,131.49888007413765,5.601525644071838,88746580.8306011,21.0,25.0,0.5907758097866918,25.0,21.0,0.5907758097866918,0.5290807969218959,10.855955618408203
172,2019-01-01 14:20:00,25.145468644771597,10.379999999999995,347.0479076364583,0.0,125.64409836906185,5.601525644071838,88892711.3581534,21.0,25.0,0.5818745790863886,25.0,21.0,0.5818745790863886,0.5285523250920912,10.844163544460613
173,2019-01-01 14:25:00,25.1431118289384,10.329999999999984,334.8615620638409,0.0,119.63562188705501,5.601525644071838,89033458.5847168,21.0,25.0,0.5724473157536067,25.0,21.0,0.5724473157536067,0.527992631299489,10.83168798297568
174,2019-01-01 14:30:00,25.140649731994415,10.279999999999973,322.4486184771471,0.0,113.56660486759878,5.601525644071838,89168696.99213538,21.0,25.0,0.5625989279776604,25.0,21.0,0.5625989279776604,0.5274079452910614,10.818669830152444
175,2019-01-01 14:35:00,25.13809638518734,10.230000000000018,309.9298908141471,0.0,107.49316430700704,5.601525644071838,89298371.77667038,21.0,25.0,0.5523855407493556,25.0,21.0,0.5523855407493556,0.5268016003326774,10.805185069315442
176,2019-01-01 14:40:00,25.135453112064226,10.180000000000007,297.357240016609,0.0,101.43804677183981,5.601525644071838,89422460.673827,21.0,25.0,0.5418124482569056,25.0,21.0,0.5418124482569056,0.5261739118750094,10.791242408271614
177,2019-01-01 14:45:00,25.132720436966622,10.129999999999995,284.7670242841092,0.0,95.42173839586552,5.601525644071838,89540962.60002957,21.0,25.0,0.5308817478664878,25.0,21.0,0.5308817478664878,0.5255250056068081,10.776846372938166
178,2019-01-01 14:50:00,25.129896246625492,10.079999999999984,272.18443651098914,0.0,89.45893473685831,5.601525644071838,89653890.84028476,21.0,25.0,0.5195849865019682,25.0,21.0,0.5195849865019682,0.5248543809331375,10.761987666480692
179,2019-01-01 14:55:00,25.126974965549323,10.029999999999973,259.6219311467524,0.0,83.5580366041279,5.601525644071838,89761267.65899742,21.0,25.0,0.5078998621972914,25.0,21.0,0.5078998621972914,0.5241607152340545,10.74663893374992
180,2019-01-01 15:00:00,25.123948022295167,9.980000000000018,247.0820592885314,0.0,77.72356642108844,5.601525644071838,89863119.20551643,21.0,25.0,0.49579208918066797,25.0,21.0,0.49579208918066797,0.5234419746680422,10.730757340249866
181,2019-01-01 15:05:00,25.12080665535666,9.930000000000007,234.56763610350964,0.0,71.9625422744397,5.601525644071838,89959477.20809764,21.0,25.0,0.4832266214266383,25.0,21.0,0.4832266214266383,0.5226960804888369,10.714299391691426
182,2019-01-01 15:10:00,25.11754765218933,9.879999999999995,222.1003402894359,0.0,66.29423957786753,5.601525644071838,90050370.03808102,21.0,25.0,0.47019060875732066,25.0,21.0,0.47019060875732066,0.521922271708948,10.697250963562396
183,2019-01-01 15:15:00,25.11417549401159,9.829999999999984,209.72836614156137,0.0,60.7508856692009,5.601525644071838,90135852.75692002,21.0,25.0,0.45670197604636087,25.0,21.0,0.45670197604636087,0.5211216141994007,10.67963828746096
184,2019-01-01 15:20:00,25.11070115018299,9.779999999999973,197.51949921235706,0.0,55.3720133941714,5.601525644071838,90216005.44681464,21.0,25.0,0.4428046007319608,25.0,21.0,0.4428046007319608,0.5202967142317967,10.661521346718843
185,2019-01-01 15:25:00,25.107136137074235,9.730000000000018,185.54136874044877,0.0,50.192851093962574,5.601525644071838,90290941.17510965,21.0,25.0,0.4285445482969408,25.0,21.0,0.4285445482969408,0.5194503077510337,10.64296267518013
186,2019-01-01 15:30:00,25.103490204681293,9.680000000000007,173.85149264425982,0.0,45.24094347275691,5.601525644071838,90360811.43503787,21.0,25.0,0.41396081872517243,25.0,21.0,0.41396081872517243,0.5185847111169749,10.624015294431459
187,2019-01-01 15:35:00,25.09967625251261,9.629999999999995,162.29868808591823,0.0,40.42118306841537,5.601525644071838,90425733.00046897,21.0,25.0,0.3987050100504348,25.0,21.0,0.3987050100504348,0.5176792476895508,10.604229947908436
188,2019-01-01 15:40:00,25.09557049606076,9.579999999999984,150.61207020820595,0.0,35.629147929071664,5.601525644071838,90485739.21611017,21.0,25.0,0.3822819842430363,25.0,21.0,0.3822819842430363,0.5167045344061927,10.582971063683345
189,2019-01-01 15:45:00,25.091131731217047,9.529999999999973,138.7473114257502,0.0,30.891768910654598,5.601525644071838,90540790.68129753,21.0,25.0,0.36452692486818705,25.0,21.0,0.36452692486818705,0.5156507957203498,10.56003484117997
190,2019-01-01 15:50:00,25.086224530698587,9.480000000000018,126.52306214414746,0.0,26.16534307268059,5.601525644071838,90590802.10007158,21.0,25.0,0.34489812279434773,25.0,21.0,0.34489812279434773,0.5144858908314964,10.5347348210678
191,2019-01-01 15:55:00,25.080994970900008,9.430000000000007,114.30073171356506,0.0,21.687429321250956,5.601525644071838,90635765.75964718,21.0,25.0,0.3239798836000318,25.0,21.0,0.3239798836000318,0.513244505869973,10.507838373571403
192,2019-01-01 16:00:00,25.075486803094805,9.374461403508747,102.31559857416057,0.0,17.55686683543012,5.601525644071838,90675801.70231417,21.0,25.0,0.3019472123792184,25.0,21.0,0.3019472123792184,0.5119370342041816,10.479582131589254
193,2019-01-01 16:05:00,25.069696278499464,9.265537061403506,90.55305278229086,0.0,13.821139474203513,5.601525644071838,90711095.60421415,21.0,25.0,0.27878511399785566,25.0,21.0,0.27878511399785566,0.5105625936344541,10.449958311649453
194,2019-01-01 16:10:00,25.063651111507568,9.100505263157913,79.07648109979155,0.0,10.54639498906054,5.601525644071838,90741836.27829933,21.0,25.0,0.254604446030271,25.0,21.0,0.254604446030271,0.5091277701366954,10.419120192335853
195,2019-01-01 16:15:00,25.05736728728982,8.889727850877193,68.05258866638115,0.0,7.767573228371793,5.601525644071838,90768295.68233924,21.0,25.0,0.22946914915928573,25.0,21.0,0.22946914915928573,0.5076363651664604,10.387160343730187
196,2019-01-01 16:20:00,25.05112059047576,8.643566666666686,57.91376490718298,0.0,5.571652968309413,5.601525644071838,90790818.95042542,21.0,25.0,0.2044823619030467,25.0,21.0,0.2044823619030467,0.5061538366190137,10.3554860232707
197,2019-01-01 16:25:00,24.941638647897605,8.372383552631561,54.36181310706285,0.0,5.231953892668184,5.601525644071838,90810734.82117145,21.0,25.0,0.2,25.0,21.0,0.2,0.48018093003024637,9.815977274294184
198,2019-01-01 16:30:00,24.667533342594936,8.086540350877215,52.66686432165973,0.0,5.231953892668184,5.601525644071838,90830029.04261902,21.0,25.0,0.2,25.0,21.0,0.2,0.41523998466741363,8.59421243703629
199,2019-01-01 16:35:00,24.34697351927059,7.796398903508759,51.23968481412778,0.0,5.231953892668184,5.601525644071838,90848858.05956647,21.0,25.0,0.2,25.0,21.0,0.2,0.33944845289918035,7.396759459469251
200,2019-01-01 16:40:00,24.01484686377148,7.5123210526315916,49.9436863618538,0.0,5.231953892668184,5.601525644071838,90867281.95019406,21.0,25.0,0.2,25.0,21.0,0.2,0.2610972103354124,6.415343884940697
201,2019-01-01 16:45:00,23.71265355996502,7.244668640350881,0.0,0.0,5.231953892668184,0.0,90869590.32226607,21.0,25.0,0.2,25.0,21.0,0.2,0.1899608359762158,5.74816614262518
202,2019-01-01 16:50:00,23.388643166745112,7.0038035087719095,0.0,0.0,5.231953892668184,0.0,90871159.90843387,21.0,25.0,0.2,25.0,21.0,0.2,0.1138494966345551,5.2684689302651435
203,2019-01-01 16:55:00,23.059754830361214,6.800087500000018,0.0,0.0,5.231953892668184,0.0,90872729.49460167,21.0,25.0,0.2,25.0,21.0,0.2,0.036760858083378416,5.027975538992351
204,2019-01-01 17:00:00,22.732787193097238,6.641806627680296,0.0,0.0,5.231953892668184,0.0,90874299.08076946,21.0,25.0,0.2,25.0,21.0,0.2,-0.039710894884823336,5.032646071258412
205,2019-01-01 17:05:00,22.41091720700939,6.5151126705653155,0.0,0.0,5.231953892668184,0.0,90875868.66693726,21.0,25.0,0.2,25.0,21.0,0.2,-0.11482963578326591,5.273114075554204
206,2019-01-01 17:10:00,22.095273131310023,6.411284210526333,0.0,0.0,5.231953892668184,0.0,90877438.25310507,21.0,25.0,0.2,25.0,21.0,0.2,-0.18834193292988236,5.7354489090055125
207,2019-01-01 17:15:00,21.786476078061128,6.325350487329445,0.0,0.0,5.231953892668184,0.0,90879007.83927287,21.0,25.0,0.2,25.0,21.0,0.2,-0.2601139378307075,6.404674042067313
208,2019-01-01 17:20:00,21.484977135231702,6.252340740740749,0.0,0.0,5.231953892668184,0.0,90880577.42544067,21.0,25.0,0.2,25.0,21.0,0.2,-0.3300519688825602,7.265347387982899
209,2019-01-01 17:25:00,21.19111672029902,6.187284210526343,0.0,0.0,5.231953892668184,0.0,90882147.01160847,21.0,25.0,0.2,25.0,21.0,0.2,-0.39808833428989737,8.301753152918081
210,2019-01-01 17:30:00,20.963099745612624,6.125210136452267,0.0,1043.6435584308424,5.231953892668184,0.0,90976003.72119586,21.0,25.0,0.2,25.0,21.0,0.2,-0.4507926706269571,9.240613428502854
211,2019-01-01 17:35:00,21.174297239782902,6.061147758284619,0.0,0.0,5.231953892668184,0.0,91003398.5269025,21.0,25.0,0.2,25.0,21.0,0.2,-0.40197863090414243,8.366983835207279
212,2019-01-01 17:40:00,21.25630566417493,5.990126315789496,0.0,0.0,5.231953892668184,0.0,91004968.1130703,21.0,25.0,0.2,25.0,21.0,0.2,-0.38300638972289325,8.054983045184201
213,2019-01-01 17:45:00,21.21938846288316,5.907175048732938,0.0,0.0,5.231953892668184,0.0,91006537.69923809,21.0,25.0,0.2,25.0,21.0,0.2,-0.39154822554847785,8.19355042176278
214,2019-01-01 17:50:00,20.920027114769596,5.8073231968811,0.0,2261.8593802538576,5.231953892668184,0.0,91248133.19770436,21.0,25.0,0.2,25.0,21.0,0.2,-0.4607400284246367,9.431197990702032
215,2019-01-01 17:55:00,20.940608824275273,5.685600000000022,0.0,1679.7504245377324,5.231953892668184,0.0,91491051.83015412,21.0,25.0,0.2,25.0,21.0,0.2,-0.4559871477070446,9.339604739348289
216,2019-01-01 18:00:00,20.96801521440881,5.535091314706506,0.0,904.6201985387543,5.231953892668184,0.0,91896479.41683425,21.0,25.0,0.2,25.0,21.0,0.2,0.0,0.0
217,2019-01-01 18:05:00,20.97301797999586,5.337946956898406,0.0,763.1278385009534,5.231953892668184,0.0,92081206.36078084,21.0,25.0,0.2,25.0,21.0,0.2,0.0,0.0
218,2019-01-01 18:10:00,20.973159946565033,5.099490058479546,0.0,759.1126224030971,5.231953892668184,0.0,92290912.15080889,21.0,25.0,0.2,25.0,21.0,0.2,0.0,0.0
219,2019-01-01 18:15:00,20.971747861820916,4.830352523283523,0.0,799.0503727417794,5.231953892668184,0.0,92523461.30811074,21.0,25.0,0.2,25.0,21.0,0.2,0.0,0.0
220,2019-01-01 18:20:00,20.970102355811434,4.541166255144049,0.0,845.5899366463017,5.231953892668184,0.0,92775138.108211,21.0,25.0,0.2,25.0,21.0,0.2,0.0,0.0
221,2019-01-01 18:25:00,20.9670915672192,4.242563157894722,0.0,930.7435533963769,5.231953892668184,0.0,93047412.20954175,21.0,25.0,0.2,25.0,21.0,0.2,0.0,0.0
222,2019-01-01 18:30:00,20.96340478218343,3.945175135369311,0.0,1035.016261478705,5.231953892668184,0.0,93344022.30469331,21.0,25.0,0.2,25.0,21.0,0.2,0.0,0.0
223,2019-01-01 18:35:00,20.9603452981911,3.659634091401358,0.0,1121.5471218678651,5.231953892668184,0.0,93668422.88318016,21.0,25.0,0.2,25.0,21.0,0.2,0.0,0.0
224,2019-01-01 18:40:00,20.957452678068535,3.3965719298245745,0.0,1203.358600081849,5.231953892668184,0.0,94018670.06675868,21.0,25.0,0.2,25.0,21.0,0.2,0.0,0.0
225,2019-01-01 18:45:00,20.95469774282276,3.1666205544726154,0.0,1281.2759605684264,5.231953892668184,0.0,94393223.03205422,21.0,25.0,0.2,25.0,21.0,0.2,0.0,0.0
226,2019-01-01 18:50:00,20.95214139661573,2.980411869179136,0.0,1353.576661373301,5.231953892668184,0.0,94790376.18060015,21.0,25.0,0.2,25.0,21.0,0.2,0.0,0.0
227,2019-01-01 18:55:00,20.94983235402202,2.848577777777791,0.0,1418.8829165488937,5.231953892668184,0.0,95208066.9027723,21.0,25.0,0.2,25.0,21.0,0.2,0.0,0.0
228,2019-01-01 19:00:00,20.947785812341465,2.776108612580856,0.0,1476.7649034737212,5.231953892668184,0.0,95644220.80204606,21.0,25.0,0.2,25.0,21.0,0.2,0.0,0.0
229,2019-01-01 19:05:00,20.945795513262055,2.7179291409465236,0.0,1533.0561905681284,5.231953892668184,0.0,96097464.39484431,21.0,25.0,0.2,25.0,21.0,0.2,0.0,0.0
230,2019-01-01 19:10:00,20.94391572921853,2.6618412698412612,0.0,1586.2217998799201,5.231953892668184,0.0,96567258.56504607,21.0,25.0,0.2,25.0,21.0,0.2,0.0,0.0
231,2019-01-01 19:15:00,20.942145483526247,2.607693434009434,0.0,1636.2893548132274,5.231953892668184,0.0,97052393.97487007,21.0,25.0,0.2,25.0,21.0,0.2,0.0,0.0
232,2019-01-01 19:20:00,20.940511437463044,2.5553340681951795,0.0,1682.5047990250089,5.231953892668184,0.0,97551998.40071195,21.0,25.0,0.2,25.0,21.0,0.2,0.0,0.0
233,2019-01-01 19:25:00,20.93909369094939,2.504611607142863,0.0,1722.602680219226,5.231953892668184,0.0,98064635.99556346,21.0,25.0,0.2,25.0,21.0,0.2,0.0,0.0
234,2019-01-01 19:30:00,20.937872347056725,2.455374485596735,0.0,1757.1457398097932,5.231953892668184,0.0,98587621.14255214,21.0,25.0,0.2,25.0,21.0,0.2,0.0,0.0
235,2019-01-01 19:35:00,20.93645896525163,2.4074711383009912,0.0,1797.1201747013306,5.231953892668184,0.0,99122849.22272655,21.0,25.0,0.2,25.0,21.0,0.2,0.0,0.0
236,2019-01-01 19:40:00,20.935086689596346,2.360749999999996,0.0,1835.9320114164675,5.231953892668184,0.0,99669689.25878415,21.0,25.0,0.2,25.0,21.0,0.2,0.0,0.0
237,2019-01-01 19:45:00,20.933797727138995,2.3150595054380005,0.0,1872.38751526076,5.231953892668184,0.0,100227647.90027742,21.0,25.0,0.2,25.0,21.0,0.2,0.0,0.0
238,2019-01-01 19:50:00,20.932588165237064,2.2702480893591996,0.0,1906.597346830513,5.231953892668184,0.0,100796243.21144024,21.0,25.0,0.2,25.0,21.0,0.2,0.0,0.0
239,2019-01-01 19:55:00,20.931439747244042,2.226164186507958,0.0,1939.077855724068,5.231953892668184,0.0,101374886.18613458,21.0,25.0,0.2,25.0,21.0,0.2,0.0,0.0
240,2019-01-01 20:00:00,20.930353054356146,2.182773280423305,0.0,1969.8126040685852,5.231953892668184,0.0,101962907.82794017,21.0,25.0,0.2,25.0,21.0,0.2,0.0,0.0
241,2019-01-01 20:05:00,20.929321727260913,2.1409182870370387,0.0,1998.9814512065107,5.231953892668184,0.0,102559883.25455914,21.0,25.0,0.2,25.0,21.0,0.2,0.0,0.0
242,2019-01-01 20:10:00,20.928336805656045,2.100457142857124,0.0,2026.8378198290357,5.231953892668184,0.0,103165407.02246326,21.0,25.0,0.2,25.0,21.0,0.2,0.0,0.0
243,2019-01-01 20:15:00,20.92739374583175,2.060968220899497,0.0,2053.5102188999863,5.231953892668184,0.0,103779105.00676097,21.0,25.0,0.2,25.0,21.0,0.2,0.0,0.0
244,2019-01-01 20:20:00,20.926494744890874,2.022029894179923,0.0,2078.93650813689,5.231953892668184,0.0,104400592.76186673,21.0,25.0,0.2,25.0,21.0,0.2,0.0,0.0
245,2019-01-01 20:25:00,20.925641197340497,1.9832205357142811,0.0,2103.0772469354515,5.231953892668184,0.0,105029526.80153188,21.0,25.0,0.2,25.0,21.0,0.2,0.0,0.0
246,2019-01-01 20:30:00,20.92482697371406,1.9441185185185077,0.0,2126.1057939457282,5.231953892668184,0.0,105665528.17227294,21.0,25.0,0.2,25.0,21.0,0.2,0.0,0.0
247,2019-01-01 20:35:00,20.924043949744657,1.9043022156084817,0.0,2148.2519264137327,5.231953892668184,0.0,106308309.64283814,21.0,25.0,0.2,25.0,21.0,0.2,0.0,0.0
248,2019-01-01 20:40:00,20.923287008795796,1.8633500000000254,0.0,2169.66035729061,5.231953892668184,0.0,106957611.91791606,21.0,25.0,0.2,25.0,21.0,0.2,0.0,0.0
249,2019-01-01 20:45:00,20.92254769459271,1.820840244709018,0.0,2190.5702539435993,5.231953892668184,0.0,107613267.88488862,21.0,25.0,0.2,25.0,21.0,0.2,0.0,0.0
250,2019-01-01 20:50:00,20.92181508171427,1.7763513227513386,0.0,2211.290618182223,5.231953892668184,0.0,108275175.62123641,21.0,25.0,0.2,25.0,21.0,0.2,0.0,0.0
251,2019-01-01 20:55:00,20.921086531975618,1.7294616071428663,0.0,2231.8960653360546,5.231953892668184,0.0,108943334.41644996,21.0,25.0,0.2,25.0,21.0,0.2,0.0,0.0
252,2019-01-01 21:00:00,20.9203590030761,1.6788341750841482,0.0,2252.4726402719016,5.231953892668184,0.0,109617688.44948141,21.0,25.0,0.2,25.0,21.0,0.2,0.0,0.0
253,2019-01-01 21:05:00,20.919608227608023,1.616363110269333,0.0,2273.706693914493,5.231953892668184,0.0,110298243.71080583,21.0,25.0,0.2,25.0,21.0,0.2,0.0,0.0
254,2019-01-01 21:10:00,20.918850774608302,1.5418181818182006,0.0,2295.1296070379267,5.231953892668184,0.0,110985207.36058418,21.0,25.0,0.2,25.0,21.0,0.2,0.0,0.0
255,2019-01-01 21:15:00,20.91808890538738,1.4571722432659726,0.0,2316.677423387277,5.231953892668184,0.0,111678625.92585948,21.0,25.0,0.2,25.0,21.0,0.2,0.0,0.0
256,2019-01-01 21:20:00,20.91732591722456,1.3643981481481546,0.0,2338.256886578119,5.231953892668184,0.0,112378525.89135715,21.0,25.0,0.2,25.0,21.0,0.2,0.0,0.0
257,2019-01-01 21:25:00,20.916565690434368,1.265468750000025,0.0,2359.758250341114,5.231953892668184,0.0,113084903.98675874,21.0,25.0,0.2,25.0,21.0,0.2,0.0,0.0
258,2019-01-01 21:30:00,20.91581159887761,1.162356902356919,0.0,2381.086092350415,5.231953892668184,0.0,113797655.14398713,21.0,25.0,0.2,25.0,21.0,0.2,0.0,0.0
259,2019-01-01 21:35:00,20.91506762071765,1.0570354587542283,0.0,2402.1278988947406,5.231953892668184,0.0,114516767.13660176,21.0,25.0,0.2,25.0,21.0,0.2,0.0,0.0
260,2019-01-01 21:40:00,20.914337723479605,0.9514772727272884,0.0,2422.7714571424895,5.231953892668184,0.0,115242140.16378684,21.0,25.0,0.2,25.0,21.0,0.2,0.0,0.0
261,2019-01-01 21:45:00,20.91362596146331,0.8476551978114344,0.0,2442.902100027584,5.231953892668184,0.0,115973623.95641819,21.0,25.0,0.2,25.0,21.0,0.2,0.0,0.0
262,2019-01-01 21:50:00,20.912936821852327,0.747542087542115,0.0,2462.392917307928,5.231953892668184,0.0,116711047.60333629,21.0,25.0,0.2,25.0,21.0,0.2,0.0,0.0
263,2019-01-01 21:55:00,20.912275091570848,0.6531107954545519,0.0,2481.1085212285425,5.231953892668184,0.0,117454253.33729681,21.0,25.0,0.2,25.0,21.0,0.2,0.0,0.0
264,2019-01-01 22:00:00,20.911646848696307,0.5671012148512204,0.0,2498.8770065690896,5.231953892668184,0.0,118202922.11451049,21.0,25.0,0.2,25.0,21.0,0.2,0.0,0.0
265,2019-01-01 22:05:00,20.911037943660858,0.49686460039583835,0.0,2516.0985631272424,5.231953892668184,0.0,118956771.80805284,21.0,25.0,0.2,25.0,21.0,0.2,0.0,0.0
266,2019-01-01 22:10:00,20.910441785015735,0.4411597051596914,0.0,2532.9596157165947,5.231953892668184,0.0,119715760.64435093,21.0,25.0,0.2,25.0,21.0,0.2,0.0,0.0
267,2019-01-01 22:15:00,20.909872104239753,0.3967041274228791,0.0,2549.0717992797177,5.231953892668184,0.0,120479706.02367331,21.0,25.0,0.2,25.0,21.0,0.2,0.0,0.0
268,2019-01-01 22:20:00,20.909337786594733,0.36021546546544414,0.0,2564.1838134822938,5.231953892668184,0.0,121248305.3365908,21.0,25.0,0.2,25.0,21.0,0.2,0.0,0.0
269,2019-01-01 22:25:00,20.90884050498579,0.32841131756754294,0.0,2578.2483438362506,5.231953892668184,0.0,122021279.33329576,21.0,25.0,0.2,25.0,21.0,0.2,0.0,0.0
270,2019-01-01 22:30:00,20.908376158417752,0.298009282009275,0.0,2591.3813780837727,5.231953892668184,0.0,122798336.29880904,21.0,25.0,0.2,25.0,21.0,0.2,0.0,0.0
271,2019-01-01 22:35:00,20.90793702942176,0.26572695707068306,0.0,2603.8011880714434,5.231953892668184,0.0,123579218.75817645,21.0,25.0,0.2,25.0,21.0,0.2,0.0,0.0
272,2019-01-01 22:40:00,20.90751345260861,0.22828194103192345,0.0,2615.781138342295,5.231953892668184,0.0,124363752.65792982,21.0,25.0,0.2,25.0,21.0,0.2,0.0,0.0
273,2019-01-01 22:45:00,20.90709457584859,0.18239183217309574,0.0,2627.628157817682,5.231953892668184,0.0,125151852.91492826,21.0,25.0,0.2,25.0,21.0,0.2,0.0,0.0
274,2019-01-01 22:50:00,20.90666929783322,0.1247742287742426,0.0,2639.6562228988714,5.231953892668184,0.0,125943520.7860998,21.0,25.0,0.2,25.0,21.0,0.2,0.0,0.0
275,2019-01-01 22:55:00,20.90622660583864,0.052146729115463586,0.0,2652.17680456372,5.231953892668184,0.0,126738880.18781628,21.0,25.0,0.2,25.0,21.0,0.2,0.0,0.0
276,2019-01-01 23:00:00,20.905718590372317,-0.04740839887506354,0.0,2666.544918762763,5.231953892668184,0.0,127538153.95864226,21.0,25.0,0.2,25.0,21.0,0.2,0.0,0.0
277,2019-01-01 23:05:00,20.904865354452113,-0.24896643309978117,0.0,2690.676843778622,5.231953892668184,0.0,128343231.45172963,21.0,25.0,0.2,25.0,21.0,0.2,0.0,0.0
278,2019-01-01 23:10:00,20.903783559255942,-0.5519773487773705,0.0,2721.2730715491216,5.231953892668184,0.0,129156483.88208264,21.0,25.0,0.2,25.0,21.0,0.2,0.0,0.0
279,2019-01-01 23:15:00,20.902511219960218,-0.9349768244434813,0.0,2757.2584253675814,5.231953892668184,0.0,129979760.98101357,21.0,25.0,0.2,25.0,21.0,0.2,0.0,0.0
280,2019-01-01 23:20:00,20.901085244659498,-1.3765005386338771,0.0,2797.589039933386,5.231953892668184,0.0,130814554.24061489,21.0,25.0,0.2,25.0,21.0,0.2,0.0,0.0
281,2019-01-01 23:25:00,20.899553859800335,-1.855084169884151,0.0,2840.900934940021,5.231953892668184,0.0,131661959.63029051,21.0,25.0,0.2,25.0,21.0,0.2,0.0,0.0
282,2019-01-01 23:30:00,20.897970188595764,-2.3492633967300662,0.0,2885.691635675367,5.231953892668184,0.0,132522621.71595766,21.0,25.0,0.2,25.0,21.0,0.2,0.0,0.0
283,2019-01-01 23:35:00,20.896389629549844,-2.837573897707216,0.0,2930.394315761978,5.231953892668184,0.0,133396811.31941241,21.0,25.0,0.2,25.0,21.0,0.2,0.0,0.0
284,2019-01-01 23:40:00,20.894870481447356,-3.298551351351364,0.0,2973.3601206808457,5.231953892668184,0.0,134284108.2849532,21.0,25.0,0.2,25.0,21.0,0.2,0.0,0.0
285,2019-01-01 23:45:00,20.89347023840611,-3.7107314361981025,0.0,3012.962954170634,5.231953892668184,0.0,135183788.4578065,21.0,25.0,0.2,25.0,21.0,0.2,0.0,0.0
286,2019-01-01 23:50:00,20.892247934146212,-4.052649830783139,0.0,3047.533175662686,5.231953892668184,0.0,136094611.61290807,21.0,25.0,0.2,25.0,21.0,0.2,0.0,0.0
287,2019-01-01 23:55:00,20.891261793720957,-4.302842213642236,0.0,3075.4240159729197,5.231953892668184,0.0,137014857.44788566,21.0,25.0,0.2,25.0,21.0,0.2,0.0,0.0
