<measure>
  <schema_version>3.0</schema_version>
  <name>expose_time_variable_240</name>
  <uid>f31b5fc3-a70a-45de-ae01-b953f7a9b694</uid>
  <version_id>78d80dfc-a425-4c95-9483-095cbc75588a</version_id>
  <version_modified>20181017T220232Z</version_modified>
  <xml_checksum>FC9586A7</xml_checksum>
  <class_name>ExposeTimeVariable240</class_name>
  <display_name>ExposeTimeVariable240</display_name>
  <description>This measure will output the built-in variables through EMS modules.</description>
  <modeler_description>EMS:GlobalVariable; EMS:Subroutine; EMS:Program; EMS:ProgramCallingManager; EMS:OutputVariable; and Output:Variable </modeler_description>
  <arguments>
    <argument>
      <name>ExposeTime</name>
      <display_name>ExposeTimeChoice?</display_name>
      <description>Default=Yes</description>
      <type>String</type>
      <required>true</required>
      <model_dependent>false</model_dependent>
      <default_value>Yes</default_value>
    </argument>
  </arguments>
  <outputs/>
  <provenances/>
  <tags>
    <tag>Whole Building.Whole Building Schedules</tag>
  </tags>
  <attributes>
    <attribute>
      <name>Measure Type</name>
      <value>ModelMeasure</value>
      <datatype>string</datatype>
    </attribute>
    <attribute>
      <name>Intended Software Tool</name>
      <value>Apply Measure Now</value>
      <datatype>string</datatype>
    </attribute>
    <attribute>
      <name>Intended Software Tool</name>
      <value>OpenStudio Application</value>
      <datatype>string</datatype>
    </attribute>
    <attribute>
      <name>Intended Software Tool</name>
      <value>Parametric Analysis Tool</value>
      <datatype>string</datatype>
    </attribute>
  </attributes>
  <files>
    <file>
      <filename>expose_time_variable_240_test.rb</filename>
      <filetype>rb</filetype>
      <usage_type>test</usage_type>
      <checksum>D9408794</checksum>
    </file>
    <file>
      <filename>example_model.osm</filename>
      <filetype>osm</filetype>
      <usage_type>test</usage_type>
      <checksum>53D14E69</checksum>
    </file>
    <file>
      <version>
        <software_program>OpenStudio</software_program>
        <identifier>2.4.0</identifier>
        <min_compatible>2.4.0</min_compatible>
      </version>
      <filename>measure.rb</filename>
      <filetype>rb</filetype>
      <usage_type>script</usage_type>
      <checksum>8EE297EF</checksum>
    </file>
  </files>
</measure>
