,timestamp,T1,T1_Rad,Toutdoor,CoolingPower,HeatingPower,FanPower,PumpPower,TotalHVACPower,TotalHVACEnergy,HeatingSetpoint,CoolingSetpoint,FanControlInput,u_CoolingSetpoint,u_HeatingSetpoint,u_FanOverride,PMV,PPD,Reward
2019-01-01 00:00:00,2019-01-01 00:00:00,22.81798992822064,20.441729958847418,9.480000000000018,0.0,0.0,84.17825866685342,0.0,84.17825866685342,1202492.0477476066,22.0,23.0,0.5091534200294358,25.0,21.0,0.5091534200294358,0.0,0.0,-0.08417825866685343
2019-01-01 00:05:00,2019-01-01 00:05:00,21.855319344152292,20.829406922494343,9.430000000000007,0.0,4091.9781451876966,85.09788701181331,0.0,4177.076032199509,1345362.272235563,22.0,23.0,0.511000837202483,25.0,21.0,0.511000837202483,0.0,0.0,-4.177076032199509
2019-01-01 00:10:00,2019-01-01 00:10:00,21.946528158003957,21.068486541817833,9.374461403508747,0.0,1512.334925140602,263.00515626620626,0.0,1775.3400814068084,1884360.8891842982,22.0,23.0,0.7443378559007384,25.0,21.0,0.7443378559007384,0.0,0.0,-1.7753400814068083
2019-01-01 00:15:00,2019-01-01 00:15:00,21.952443367914725,21.217390114636373,9.265537061403506,0.0,1345.0360589774732,215.05039917823274,0.0,1560.086458155706,2382068.4036441916,22.0,23.0,0.696031300828033,25.0,21.0,0.696031300828033,0.0,0.0,-1.560086458155706
2019-01-01 00:20:00,2019-01-01 00:20:00,21.959975579041384,21.289879585399888,9.100505263157913,0.0,1132.0038250921768,76.86653094027366,0.0,1208.8703560324504,2774553.5636893897,22.0,23.0,0.49396303071255654,25.0,21.0,0.49396303071255654,0.0,0.0,-1.2088703560324505
2019-01-01 00:25:00,2019-01-01 00:25:00,21.961174072444294,21.29274858844036,8.889727850877193,0.0,1098.1070419795674,44.139868903322565,0.0,1142.24691088289,3113600.084563392,22.0,23.0,0.4105748716304504,25.0,21.0,0.4105748716304504,0.0,0.0,-1.14224691088289
2019-01-01 00:30:00,2019-01-01 00:30:00,21.95969509633659,21.251922915838975,8.643566666666686,0.0,1139.9366692682056,12.02595937673935,0.0,1151.962628644945,3396210.992465411,22.0,23.0,0.26609754256076934,25.0,21.0,0.26609754256076934,0.0,0.0,-1.151962628644945
2019-01-01 00:35:00,2019-01-01 00:35:00,21.830919410878153,21.17757302832473,8.372383552631561,0.0,4782.077268092655,117.33806205278671,0.0,4899.415330145442,4490807.489245798,22.0,23.0,0.5687590539656178,25.0,21.0,0.5687590539656178,0.0,0.0,-4.899415330145442
2019-01-01 00:40:00,2019-01-01 00:40:00,21.87869343416645,21.09387299077224,8.086540350877215,0.0,3430.8927710498847,12.973043613639502,0.0,3443.8658146635244,5237954.167554166,22.0,23.0,0.2729431975294687,25.0,21.0,0.2729431975294687,0.0,0.0,-3.4438658146635244
2019-01-01 00:45:00,2019-01-01 00:45:00,21.911626962257685,21.00849048222807,7.796398903508759,0.0,2499.439451297794,5.731664861715248,0.0,2505.1711161595094,5799914.456731238,22.0,23.0,0.20652474243805005,25.0,21.0,0.20652474243805005,0.0,0.0,-2.5051711161595094
2019-01-01 00:50:00,2019-01-01 00:50:00,21.930870819544396,20.91899570146262,7.5123210526315916,0.0,1955.16874015851,184.94571083160753,0.0,2140.1144509901173,6322206.151146449,22.0,23.0,0.6619066952771446,25.0,21.0,0.6619066952771446,0.0,0.0,-2.1401144509901173
2019-01-01 00:55:00,2019-01-01 00:55:00,21.94157544682531,20.822368129868835,7.244668640350881,0.0,1652.411604940692,147.48382892501093,0.0,1799.8954338657031,6880758.131366508,22.0,23.0,0.6138046216651045,25.0,21.0,0.6138046216651045,0.0,0.0,-1.7998954338657032
2019-01-01 01:00:00,2019-01-01 01:00:00,21.933607392913075,20.72130103077137,7.0038035087719095,0.0,1877.770705488793,21.013975132398407,0.0,1898.7846806211915,7320988.379683059,22.0,23.0,0.32059107229589595,25.0,21.0,0.32059107229589595,0.0,0.0,-1.8987846806211914
2019-01-01 01:05:00,2019-01-01 01:05:00,21.806722829801686,20.610610547230635,6.800087500000018,0.0,5466.425015709899,162.36828030973183,0.0,5628.79329601963,8581705.788946819,22.0,23.0,0.6337954004207967,25.0,21.0,0.6337954004207967,0.0,0.0,-5.62879329601963
2019-01-01 01:10:00,2019-01-01 01:10:00,21.863326980389502,20.503819277908747,6.641806627680296,0.0,3865.499544539342,16.726541427055274,0.0,3882.226085966397,9476660.269125568,22.0,23.0,0.29711004681196806,25.0,21.0,0.29711004681196806,0.0,0.0,-3.882226085966397
2019-01-01 01:15:00,2019-01-01 01:15:00,21.90689267803515,20.397768897470883,6.5151126705653155,0.0,2633.3383990058887,36.454244186819004,0.0,2669.7926431927076,10380504.159224367,22.0,23.0,0.38521044296397144,25.0,21.0,0.38521044296397144,0.0,0.0,-2.6697926431927077
2019-01-01 01:20:00,2019-01-01 01:20:00,21.929640953910564,20.296361391439007,6.411284210526333,0.0,1989.9528186911223,164.7020136643559,0.0,2154.654832355478,11039247.330437632,22.0,23.0,0.6368174994337087,25.0,21.0,0.6368174994337087,0.0,0.0,-2.154654832355478
2019-01-01 01:25:00,2019-01-01 01:25:00,21.91832291069892,20.198256665895485,6.325350487329445,0.0,2310.059091343711,19.873391147985416,0.0,2329.932482491696,11567449.980196148,22.0,23.0,0.31468256362912583,25.0,21.0,0.31468256362912583,0.0,0.0,-2.3299324824916963
2019-01-01 01:30:00,2019-01-01 01:30:00,21.950137033626277,20.103810552928792,6.252340740740749,0.0,1410.2657156204582,28.92032805546864,0.0,1439.1860436759268,12041191.158448003,22.0,23.0,0.3566014388104059,25.0,21.0,0.3566014388104059,0.0,0.0,-1.4391860436759267
2019-01-01 01:35:00,2019-01-01 01:35:00,21.93591143334345,20.013503372844582,6.187284210526343,0.0,1812.6059256398246,65.87443789055204,0.0,1878.4803635303767,12540560.239211211,22.0,23.0,0.4691960279899649,25.0,21.0,0.4691960279899649,0.0,0.0,-1.8784803635303768
2019-01-01 01:40:00,2019-01-01 01:40:00,21.92106081786693,19.926880189587223,6.125210136452267,0.0,2232.623333056514,138.31692844155614,0.0,2370.9402614980704,13187618.3903082,22.0,23.0,0.6008145822926738,25.0,21.0,0.6008145822926738,0.0,0.0,-2.3709402614980704
2019-01-01 01:45:00,2019-01-01 01:45:00,21.921472251542582,19.845032739228202,6.061147758284619,0.0,2220.9868250582886,160.72884081023878,0.0,2381.715665868527,13884557.742233587,22.0,23.0,0.6316550272356674,25.0,21.0,0.6316550272356674,0.0,0.0,-2.3817156658685272
2019-01-01 01:50:00,2019-01-01 01:50:00,21.905151083853582,19.76879393086142,5.990126315789496,0.0,2682.5956081815225,7.081544997454159,0.0,2689.677153178977,14541601.303159326,22.0,23.0,0.22228585227552347,25.0,21.0,0.22228585227552347,0.0,0.0,-2.6896771531789767
2019-01-01 01:55:00,2019-01-01 01:55:00,21.79302566539019,19.68754698525072,5.907175048732938,0.0,5853.81956472192,193.51020309077998,0.0,6047.3297678127,15992458.86931156,22.0,23.0,0.6719701411394865,25.0,21.0,0.6719701411394865,0.0,0.0,-6.0473297678127
2019-01-01 02:00:00,2019-01-01 02:00:00,21.865126807025263,19.6141386897923,5.8073231968811,0.0,3814.5953568612576,83.21830843721226,0.0,3897.81366529847,17321086.867638554,22.0,23.0,0.5072105917102451,25.0,21.0,0.5072105917102451,0.0,0.0,-3.89781366529847
2019-01-01 02:05:00,2019-01-01 02:05:00,21.908019940363488,19.54701508157899,5.685600000000022,0.0,2601.4562321437775,150.59230197874143,0.0,2752.048534122519,18414804.871699024,22.0,23.0,0.618087001138721,25.0,21.0,0.618087001138721,0.0,0.0,-2.752048534122519
2019-01-01 02:10:00,2019-01-01 02:10:00,22.046796205201133,19.433427319275552,5.535091314706506,0.0,0.0,7.911220096128634,0.0,7.911220096128634,19230016.227590658,22.0,23.0,0.23091469692961916,25.0,21.0,0.23091469692961916,0.0,0.0,-0.007911220096128635
2019-01-01 02:15:00,2019-01-01 02:15:00,21.969675644959977,19.33664306663809,5.337946956898406,0.0,857.6585263844751,84.90471933551626,0.0,942.5632457199913,19772541.309149552,22.0,23.0,0.5106138960376311,25.0,21.0,0.5106138960376311,0.0,0.0,-0.9425632457199913
2019-01-01 02:20:00,2019-01-01 02:20:00,21.941058605480976,19.243034422325707,5.099490058479546,0.0,1667.0293399320053,6.849701327153415,0.0,1673.8790412591588,20586479.507470142,22.0,23.0,0.2197444277465031,25.0,21.0,0.2197444277465031,0.0,0.0,-1.6738790412591589
2019-01-01 02:25:00,2019-01-01 02:25:00,21.80820286856965,19.145616649453757,4.830352523283523,0.0,5424.565333383597,152.57462418918894,0.0,5577.139957572786,21935430.785106886,22.0,23.0,0.6207872506767176,25.0,21.0,0.6207872506767176,0.0,0.0,-5.577139957572786
2019-01-01 02:30:00,2019-01-01 02:30:00,21.798855340527837,19.052065461630832,4.541166255144049,0.0,5688.939863859165,230.77645918858187,0.0,5919.716323047746,23743850.967040733,22.0,23.0,0.7126000601496076,25.0,21.0,0.7126000601496076,0.0,0.0,-5.919716323047746
2019-01-01 02:35:00,2019-01-01 02:35:00,21.946516798908874,18.96949182988766,4.242563157894722,0.0,1512.6561924762887,80.06341793162878,0.0,1592.7196104079173,25006131.65001604,22.0,23.0,0.5007182202477606,25.0,21.0,0.5007182202477606,0.0,0.0,-1.5927196104079173
2019-01-01 02:40:00,2019-01-01 02:40:00,21.89743456051326,18.892541187201232,3.945175135369311,0.0,2900.840712756249,58.52994591547434,0.0,2959.3706586717235,25817709.046549186,22.0,23.0,0.4510673514513289,25.0,21.0,0.4510673514513289,0.0,0.0,-2.9593706586717237
2019-01-01 02:45:00,2019-01-01 02:45:00,21.8738575042467,18.81764522311039,3.659634091401358,0.0,3567.666546557966,190.03371864841702,0.0,3757.700265206383,26699407.606063586,22.0,23.0,0.6679217333038585,25.0,21.0,0.6679217333038585,0.0,0.0,-3.757700265206383
2019-01-01 02:50:00,2019-01-01 02:50:00,21.963093520268387,18.722729243809795,3.3965719298245745,0.0,1043.8196287728863,1.3792070633874234,0.0,1045.1988358362737,28647086.236136787,22.0,23.0,0.12086682784130083,25.0,21.0,0.12086682784130083,0.0,0.0,-1.0451988358362736
2019-01-01 02:55:00,2019-01-01 02:55:00,21.31617995800474,18.679066748254286,3.1666205544726154,0.0,7070.707070707072,174.50878630541365,0.0,7245.215857012485,29321332.43534468,22.0,23.0,0.6492138637418594,25.0,21.0,0.6492138637418594,0.0,0.0,-7.245215857012485
2019-01-01 03:00:00,2019-01-01 03:00:00,21.748047628917163,18.595661861079066,2.980411869179136,0.0,7070.707070707072,96.92620934889645,0.0,7167.633280055968,30994958.537804406,22.0,23.0,0.5336572684431522,25.0,21.0,0.5336572684431522,0.0,0.0,-7.167633280055967
2019-01-01 03:05:00,2019-01-01 03:05:00,21.775269982342024,18.526482938756487,2.848577777777791,0.0,6356.000499417492,233.33048453685956,0.0,6589.330983954352,32805408.46461605,22.0,23.0,0.7152192261426584,25.0,21.0,0.7152192261426584,0.0,0.0,-6.589330983954352
2019-01-01 03:10:00,2019-01-01 03:10:00,21.874842415855426,18.46905040979675,2.776108612580856,0.0,3539.810460654625,248.8928451442286,0.0,3788.7033057988533,33932021.866443515,22.0,23.0,0.7307791650516741,25.0,21.0,0.7307791650516741,0.0,0.0,-3.7887033057988533
2019-01-01 03:15:00,2019-01-01 03:15:00,21.8670741744221,18.413100737899015,2.7179291409465236,0.0,3759.518299172917,39.34635110331465,0.0,3798.8646502762317,34966182.86081938,22.0,23.0,0.395139252360629,25.0,21.0,0.395139252360629,0.0,0.0,-3.7988646502762315
2019-01-01 03:20:00,2019-01-01 03:20:00,21.861876154637116,18.36089035556705,2.6618412698412612,0.0,3906.5330001623734,158.93589546258534,0.0,4065.468895624959,35823207.78684478,22.0,23.0,0.6292975155340857,25.0,21.0,0.6292975155340857,0.0,0.0,-4.065468895624959
2019-01-01 03:25:00,2019-01-01 03:25:00,21.886907134154512,18.308030798143477,2.607693434009434,0.0,3198.586104720865,10.951727393876423,0.0,3209.5378321147414,36871725.629633576,22.0,23.0,0.2578603355413586,25.0,21.0,0.2578603355413586,0.0,0.0,-3.209537832114741
2019-01-01 03:30:00,2019-01-01 03:30:00,21.821933242542002,18.24567261124963,2.5553340681951795,0.0,5036.2315240645885,189.78274225656983,0.0,5226.014266321158,38443774.86809112,22.0,23.0,0.6676275636881278,25.0,21.0,0.6676275636881278,0.0,0.0,-5.226014266321158
2019-01-01 03:35:00,2019-01-01 03:35:00,21.822345761538145,18.191116009482982,2.504611607142863,0.0,5024.564320133277,79.9517933217267,0.0,5104.5161134550035,40072037.97447896,22.0,23.0,0.500485411170781,25.0,21.0,0.500485411170781,0.0,0.0,-5.104516113455004
2019-01-01 03:40:00,2019-01-01 03:40:00,21.866429573283824,18.14038974192158,2.455374485596735,0.0,3777.749442477703,249.67874170235544,0.0,4027.4281841800585,41538647.68363337,22.0,23.0,0.7315475190080973,25.0,21.0,0.7315475190080973,0.0,0.0,-4.027428184180058
2019-01-01 03:45:00,2019-01-01 03:45:00,21.952486704033106,18.09732675853371,2.4074711383009912,0.0,1343.8103909828612,16.05163723620843,0.0,1359.8620282190698,42577479.0190957,22.0,23.0,0.2930584301783444,25.0,21.0,0.2930584301783444,0.0,0.0,-1.3598620282190699
2019-01-01 03:50:00,2019-01-01 03:50:00,21.884684180354952,18.054738160958436,2.360749999999996,0.0,3261.45752531448,63.0183827002544,0.0,3324.475908014734,43424158.671519175,22.0,23.0,0.46231477220534745,25.0,21.0,0.46231477220534745,0.0,0.0,-3.324475908014734
2019-01-01 03:55:00,2019-01-01 03:55:00,21.877015908013675,18.014140937245656,2.3150595054380005,0.0,3478.3379551687876,35.939295459456545,0.0,3514.277250628244,44404310.73893707,22.0,23.0,0.38338802097918095,25.0,21.0,0.38338802097918095,0.0,0.0,-3.514277250628244
2019-01-01 04:00:00,2019-01-01 04:00:00,21.827596797924855,17.96923650545284,2.2702480893591996,0.0,4876.050159701075,129.09067434650962,0.0,5005.140834047585,45844813.64919053,22.0,23.0,0.5871471753870604,25.0,21.0,0.5871471753870604,0.0,0.0,-5.005140834047585
2019-01-01 04:05:00,2019-01-01 04:05:00,21.813537040249912,17.928226692259614,2.226164186507958,0.0,5273.69987171966,108.19421351598355,0.0,5381.894085235644,47542673.72992449,22.0,23.0,0.5535837894351673,25.0,21.0,0.5535837894351673,0.0,0.0,-5.381894085235643
2019-01-01 04:10:00,2019-01-01 04:10:00,22.06054662431029,17.88859271143309,2.182773280423305,0.0,0.0,5.965931733019405,0.0,5.965931733019405,49053906.705791175,22.0,23.0,0.20944109335059796,25.0,21.0,0.20944109335059796,0.0,0.0,-0.0059659317330194046
2019-01-01 04:15:00,2019-01-01 04:15:00,21.97921658279739,17.86915319738432,2.1409182870370387,0.0,587.813819871748,183.67647783954686,0.0,771.4902977112949,50095257.1822112,22.0,23.0,0.6603890553204136,25.0,21.0,0.6603890553204136,0.0,0.0,-0.771490297711295
2019-01-01 04:20:00,2019-01-01 04:20:00,21.847876551656782,17.841784607498823,2.100457142857124,0.0,4302.481367282937,301.04818112101424,0.0,4603.529548403951,51214841.17699489,22.0,23.0,0.7786232276641427,25.0,21.0,0.7786232276641427,0.0,0.0,-4.603529548403951
2019-01-01 04:25:00,2019-01-01 04:25:00,21.863057180793987,17.813985524331883,2.060968220899497,0.0,3873.1302401700564,257.63480684460666,0.0,4130.765047014663,52440644.58760956,22.0,23.0,0.7392367203642228,25.0,21.0,0.7392367203642228,0.0,0.0,-4.130765047014663
2019-01-01 04:30:00,2019-01-01 04:30:00,21.88707162874465,17.788147747196945,2.022029894179923,0.0,3193.93373247455,85.9382315443362,0.0,3279.8719640188865,53595166.17663548,22.0,23.0,0.512677380835342,25.0,21.0,0.512677380835342,0.0,0.0,-3.2798719640188865
2019-01-01 04:35:00,2019-01-01 04:35:00,21.878335107177634,17.765170732492038,1.9832205357142811,0.0,3441.0272717436924,43.8676336839537,0.0,3484.894905427646,54610073.936979175,22.0,23.0,0.4097290488527987,25.0,21.0,0.4097290488527987,0.0,0.0,-3.484894905427646
2019-01-01 04:40:00,2019-01-01 04:40:00,21.866385275987284,17.74409285242433,1.9441185185185077,0.0,3779.002295309143,19.137852844904504,0.0,3798.1401481540474,55577794.70587664,22.0,23.0,0.3107513970201706,25.0,21.0,0.3107513970201706,0.0,0.0,-3.7981401481540473
2019-01-01 04:45:00,2019-01-01 04:45:00,21.864804626744046,17.720297154234117,1.9043022156084817,0.0,3823.707526431013,61.02588176405057,0.0,3884.7334081950635,56801021.61188257,22.0,23.0,0.4573900441154666,25.0,21.0,0.4573900441154666,0.0,0.0,-3.8847334081950633
2019-01-01 04:50:00,2019-01-01 04:50:00,21.550956563395914,17.674367237770014,1.8633500000000254,0.0,7070.707070707072,389.5798482399772,0.0,7460.286918947048,58790238.15190091,22.0,23.0,0.8484915354260887,25.0,21.0,0.8484915354260887,0.0,0.0,-7.460286918947048
2019-01-01 04:55:00,2019-01-01 04:55:00,21.593668382428746,17.63844067154963,1.820840244709018,0.0,7070.707070707072,443.30855717310874,0.0,7514.015627880181,61044442.84026546,22.0,23.0,0.8858306936008291,25.0,21.0,0.8858306936008291,0.0,0.0,-7.51401562788018
2019-01-01 05:00:00,2019-01-01 05:00:00,21.896717094400174,17.624910040126053,1.7763513227513386,0.0,2921.132683631452,244.59975256406054,0.0,3165.7324361955125,62485097.24499878,22.0,23.0,0.7265530951703186,25.0,21.0,0.7265530951703186,0.0,0.0,-3.1657324361955124
2019-01-01 05:05:00,2019-01-01 05:05:00,21.87616904298295,17.61169446375186,1.7294616071428663,0.0,3502.289693411476,120.43787951429216,0.0,3622.727572925768,63660696.63704095,22.0,23.0,0.573724046636354,25.0,21.0,0.573724046636354,0.0,0.0,-3.622727572925768
2019-01-01 05:10:00,2019-01-01 05:10:00,21.863195257257644,17.597289119875256,1.6788341750841482,0.0,3869.2250472585597,150.8804918255509,0.0,4020.1055390841107,64784502.21361291,22.0,23.0,0.6184810294503068,25.0,21.0,0.6184810294503068,0.0,0.0,-4.020105539084111
2019-01-01 05:15:00,2019-01-01 05:15:00,21.76904020675738,17.579842092616104,1.616363110269333,0.0,6532.1961725185065,20.028777391994797,0.0,6552.224949910501,66022694.03030931,22.0,23.0,0.3155005829311131,25.0,21.0,0.3155005829311131,0.0,0.0,-6.552224949910501
2019-01-01 05:20:00,2019-01-01 05:20:00,21.84357255089469,17.554636917398454,1.5418181818182006,0.0,4424.210681766298,157.03924055395686,0.0,4581.249922320255,67623751.83315459,22.0,23.0,0.6267842596616563,25.0,21.0,0.6267842596616563,0.0,0.0,-4.5812499223202545
2019-01-01 05:25:00,2019-01-01 05:25:00,21.79087459745233,17.533510155855083,1.4571722432659726,0.0,5914.657849833094,144.63585572120513,0.0,6059.293705554299,69432084.33352374,22.0,23.0,0.6098279742192866,25.0,21.0,0.6098279742192866,0.0,0.0,-6.059293705554299
2019-01-01 05:30:00,2019-01-01 05:30:00,21.881664263907453,17.517036257277596,1.3643981481481546,0.0,3346.8693036275918,125.72766805162703,0.0,3472.5969716792188,70918499.39251246,22.0,23.0,0.5820035579437817,25.0,21.0,0.5820035579437817,0.0,0.0,-3.4725969716792187
2019-01-01 05:35:00,2019-01-01 05:35:00,21.86717058685855,17.5015681237943,1.265468750000025,0.0,3756.791482788511,140.84846252821583,0.0,3897.639945316727,72102384.88553223,22.0,23.0,0.6044578977033527,25.0,21.0,0.6044578977033527,0.0,0.0,-3.897639945316727
2019-01-01 05:40:00,2019-01-01 05:40:00,22.04274950371007,17.484943054753273,1.162356902356919,0.0,0.0,9.64292804246368,0.0,9.64292804246368,73341474.22473575,22.0,23.0,0.247014698532753,25.0,21.0,0.247014698532753,0.0,0.0,-0.00964292804246368
2019-01-01 05:45:00,2019-01-01 05:45:00,21.96590305864578,17.476762684315474,1.0570354587542283,0.0,964.3579372911031,71.4145514026255,0.0,1035.7724886937285,74136045.8468091,22.0,23.0,0.4819969131981468,25.0,21.0,0.4819969131981468,0.0,0.0,-1.0357724886937285
2019-01-01 05:50:00,2019-01-01 05:50:00,21.856025858087094,17.460328908181395,0.9514772727272884,0.0,4071.995932890281,18.71630770988326,0.0,4090.712240600164,75171079.52068254,22.0,23.0,0.3084528199451634,25.0,21.0,0.3084528199451634,0.0,0.0,-4.090712240600164
2019-01-01 05:55:00,2019-01-01 05:55:00,21.830509440171056,17.429987264049373,0.8476551978114344,0.0,4793.672399202451,142.88300078546214,0.0,4936.555399987913,76735000.128458,22.0,23.0,0.6073544347845021,25.0,21.0,0.6073544347845021,0.0,0.0,-4.936555399987913
2019-01-01 06:00:00,2019-01-01 06:00:00,21.928997907138466,17.411585388675064,0.747542087542115,0.0,2008.1400001241823,11.393801588475178,0.0,2019.5338017126574,78126196.99463044,22.0,23.0,0.2613159500442273,25.0,21.0,0.2613159500442273,0.0,0.0,-2.019533801712657
2019-01-01 06:05:00,2019-01-01 06:05:00,21.346768530195845,17.36310284354289,0.6531107954545519,0.0,7070.707070707072,298.71264911410714,0.0,7369.419719821179,79736596.8557763,22.0,23.0,0.7766044782880827,25.0,21.0,0.7766044782880827,0.0,0.0,-7.369419719821178
2019-01-01 06:10:00,2019-01-01 06:10:00,21.34545195504063,17.278563661456076,0.5671012148512204,0.0,7070.707070707072,2.163162062710646,0.0,7072.870232769782,81858457.9256073,22.0,23.0,0.14441779567849705,25.0,21.0,0.14441779567849705,0.0,0.0,-7.072870232769782
2019-01-01 06:15:00,2019-01-01 06:15:00,21.70947717358206,17.34912695064537,0.49686460039583835,0.0,7070.707070707072,168.7302664511166,0.0,7239.437337158188,82129540.46475309,22.0,23.0,0.641967462592853,25.0,21.0,0.641967462592853,0.0,0.0,-7.239437337158188
2019-01-01 06:20:00,2019-01-01 06:20:00,21.90036717137241,17.320435196965263,0.4411597051596914,0.0,2817.8981834066185,37.83788659367925,0.0,2855.736070000298,83406964.47636259,22.0,23.0,0.3900236807424195,25.0,21.0,0.3900236807424195,0.0,0.0,-2.855736070000298
2019-01-01 06:25:00,2019-01-01 06:25:00,21.845517654067066,17.304424698693254,0.3967041274228791,0.0,4369.197662749639,164.12668497110712,0.0,4533.324347720746,84601234.70377533,22.0,23.0,0.6360751348700088,25.0,21.0,0.6360751348700088,0.0,0.0,-4.533324347720746
2019-01-01 06:30:00,2019-01-01 06:30:00,21.771544817326856,17.287060542262452,0.36021546546544414,0.0,6461.358701866712,20.489669090624314,0.0,6481.848370957337,85885479.1224819,22.0,23.0,0.3179022982625324,25.0,21.0,0.3179022982625324,0.0,0.0,-6.481848370957336
2019-01-01 06:35:00,2019-01-01 06:35:00,21.829001242992945,17.261136143199906,0.32841131756754294,0.0,4836.328481007624,163.76778313965045,0.0,5000.096264147274,87575942.16566281,22.0,23.0,0.6356111535748381,25.0,21.0,0.6356111535748381,0.0,0.0,-5.000096264147274
2019-01-01 06:40:00,2019-01-01 06:40:00,21.59427991135874,17.201674923041992,0.298009282009275,0.0,7070.707070707072,2.6251187931950564,0.0,7073.332189500266,89688755.5045267,22.0,23.0,0.1554950010737558,25.0,21.0,0.1554950010737558,0.0,0.0,-7.073332189500267
2019-01-01 06:45:00,2019-01-01 06:45:00,21.633993554822325,17.224190891737692,0.26572695707068306,0.0,7070.707070707072,81.56148951682682,0.0,7152.268560223898,90397198.19258335,22.0,23.0,0.5038219319848684,25.0,21.0,0.5038219319848684,0.0,0.0,-7.152268560223898
2019-01-01 06:50:00,2019-01-01 06:50:00,21.906771267024453,17.214709118066196,0.22828194103192345,0.0,2636.7722457730406,65.66955065983645,0.0,2702.4417964328773,91567461.45495065,22.0,23.0,0.4687090808207682,25.0,21.0,0.4687090808207682,0.0,0.0,-2.7024417964328773
2019-01-01 06:55:00,2019-01-01 06:55:00,21.831751353390757,17.205665043986812,0.18239183217309574,0.0,4758.547580867473,156.81739938913958,0.0,4915.364980256612,92696216.0785608,22.0,23.0,0.626488978737381,25.0,21.0,0.626488978737381,0.0,0.0,-4.915364980256612
2019-01-01 07:00:00,2019-01-01 07:00:00,21.867956718590676,17.19570976412234,0.1247742287742426,0.0,3734.557454001076,62.278582912412034,0.0,3796.836036913488,93956266.11233953,22.0,23.0,0.46049854267631957,25.0,21.0,0.46049854267631957,0.0,0.0,-3.796836036913488
2019-01-01 07:05:00,2019-01-01 07:05:00,21.556633693862636,17.160562015667438,0.052146729115463586,0.0,7070.707070707072,265.7081915691529,0.0,7336.415262276225,95748859.95652461,22.0,23.0,0.7468791469022517,25.0,21.0,0.7468791469022517,0.0,0.0,-7.336415262276225
2019-01-01 07:10:00,2019-01-01 07:10:00,21.421923805158826,17.0914266538922,-0.04740839887506354,0.0,7070.707070707072,2.889399539285995,0.0,7073.596470246358,97870938.89759804,22.0,23.0,0.16120455823666133,25.0,21.0,0.16120455823666133,0.0,0.0,-7.073596470246358
2019-01-01 07:15:00,2019-01-01 07:15:00,21.415881705055824,17.114210464956216,-0.24896643309978117,0.0,7070.707070707072,112.62964566894615,0.0,7183.336716376018,98758876.93168584,22.0,23.0,0.5610474490312337,25.0,21.0,0.5610474490312337,0.0,0.0,-7.183336716376018
2019-01-01 07:20:00,2019-01-01 07:20:00,21.855444068233112,17.10861902685639,-0.5519773487773705,0.0,4088.450595427138,288.90680841739385,0.0,4377.357403844532,100241915.06151392,22.0,23.0,0.7680118924021508,25.0,21.0,0.7680118924021508,0.0,0.0,-4.377357403844532
2019-01-01 07:25:00,2019-01-01 07:25:00,21.85946385713123,17.098530296421927,-0.9349768244434813,0.0,3974.7595962883984,163.874777608066,0.0,4138.634373896464,101648692.04425667,22.0,23.0,0.6357495448001974,25.0,21.0,0.6357495448001974,0.0,0.0,-4.138634373896465
2019-01-01 07:30:00,2019-01-01 07:30:00,21.813210091002816,17.08432347852937,-1.3765005386338771,0.0,5282.946921132485,31.77072603107851,0.0,5314.717647163563,102931819.37488198,22.0,23.0,0.3679519136540711,25.0,21.0,0.3679519136540711,0.0,0.0,-5.314717647163563
2019-01-01 07:35:00,2019-01-01 07:35:00,21.852454896471045,17.06745278272615,-1.855084169884151,0.0,4172.992827081562,22.024169213837162,0.0,4195.016996295399,104072151.87599722,22.0,23.0,0.3256480869076623,25.0,21.0,0.3256480869076623,0.0,0.0,-4.195016996295399
2019-01-01 07:40:00,2019-01-01 07:40:00,21.822887858644833,17.03499767444748,-2.3492633967300662,0.0,5009.232280752194,99.66199707951904,0.0,5108.894277831713,105586616.26313548,22.0,23.0,0.5386316652858386,25.0,21.0,0.5386316652858386,0.0,0.0,-5.1088942778317135
2019-01-01 07:45:00,2019-01-01 07:45:00,21.381577004448047,16.98000885306027,-2.837573897707216,0.0,7070.707070707072,335.3092563499935,0.0,7406.016327057065,107498660.96556135,22.0,23.0,0.8071059214901037,25.0,21.0,0.8071059214901037,0.0,0.0,-7.406016327057065
2019-01-01 07:50:00,2019-01-01 07:50:00,21.570677876294155,16.928102299011414,-3.298551351351364,0.0,7070.707070707072,294.54276597181473,0.0,7365.249836678886,109708235.91656506,22.0,23.0,0.7729738581497171,25.0,21.0,0.7729738581497171,0.0,0.0,-7.365249836678886
2019-01-01 07:55:00,2019-01-01 07:55:00,21.77078232159937,16.904113836314707,-3.7107314361981025,0.0,6482.924237593579,68.18176526140806,0.0,6551.106002854987,111206075.85030322,22.0,23.0,0.47461132811788337,25.0,21.0,0.47461132811788337,0.0,0.0,-6.551106002854987
2019-01-01 08:00:00,2019-01-01 08:00:00,21.802711769606674,16.880950304979592,-4.052649830783139,0.0,5579.8691424375065,214.5319771269396,0.0,5794.401119564446,112615242.7733198,22.0,23.0,0.6954715431735838,25.0,21.0,0.6954715431735838,0.0,0.0,-5.794401119564446
2019-01-01 08:05:00,2019-01-01 08:05:00,20.965914846351836,16.770729531320228,-4.302842213642236,0.0,7070.707070707072,1.4927076248669946,0.0,7072.199778331938,114733432.03612149,22.0,23.0,0.12478737262682059,25.0,21.0,0.12478737262682059,-0.6850232435063414,14.864640660931343,-21.936840439263282
2019-01-01 08:10:00,2019-01-01 08:10:00,22.31458852068198,16.82563639179631,-4.4490761584094685,0.0,0.0,7.690861373522427,0.0,7.690861373522427,115151199.71704598,22.0,23.0,0.22868926722854865,25.0,21.0,0.22868926722854865,-0.4867955978979736,9.9506125271716,-9.958303388545122
2019-01-01 08:15:00,2019-01-01 08:15:00,20.933182841098528,16.75646830593928,-4.563079685746345,0.0,7070.707070707072,289.1794141042294,0.0,7359.886484811301,116589495.55104269,22.0,23.0,0.7682533758002311,25.0,21.0,0.7682533758002311,-0.6909280905803238,15.037143753746719,-22.39703023855802
2019-01-01 08:20:00,2019-01-01 08:20:00,20.753512914823887,16.619087165564565,-4.666597402597404,0.0,7070.707070707072,2.859324157012256,0.0,7073.566394864084,118711565.46950208,22.0,23.0,0.16057454461081613,25.0,21.0,0.16057454461081613,-0.7284029115719616,16.167007211832782,-23.240573606696866
2019-01-01 08:25:00,2019-01-01 08:25:00,22.197225908647056,16.673035651666453,-4.762034311367643,0.0,0.0,10.519324175592486,0.0,10.519324175592486,119297737.82661638,22.0,23.0,0.2543838685072234,25.0,21.0,0.2543838685072234,-0.5168030269363996,10.58511735802135,-10.595636682196941
2019-01-01 08:30:00,2019-01-01 08:30:00,21.839756319870105,16.658790828773647,-4.85179541446206,0.0,4532.144488522283,180.65360135944118,0.0,4712.798089881724,120550660.89939357,22.0,23.0,0.6567461880487278,25.0,21.0,0.6567461880487278,-0.5694303559037617,11.792030643929849,-16.50482873381157
2019-01-01 08:35:00,2019-01-01 08:35:00,21.79300085401252,16.64688458228403,-4.938285714285712,0.0,5854.521300656039,253.16525638907518,0.0,6107.686557045114,122079489.25606582,22.0,23.0,0.734936901747332,25.0,21.0,0.734936901747332,-0.5771682025621055,11.979609108824988,-18.0872956658701
2019-01-01 08:40:00,2019-01-01 08:40:00,21.790951578507702,16.62877765538792,-5.023910213243539,0.0,5912.480607862976,31.1709078936089,0.0,5943.6515157565855,123557443.06889525,22.0,23.0,0.36562159317699056,25.0,21.0,0.36562159317699056,-0.5790168779792033,12.024808570992548,-17.968460086749133
2019-01-01 08:45:00,2019-01-01 08:45:00,21.80842761766604,16.612224248969028,-5.111073913740597,0.0,5418.208793283689,44.177863578969486,0.0,5462.386656862659,125212325.92838421,22.0,23.0,0.4106926425984338,25.0,21.0,0.4106926425984338,-0.5779276908343447,11.99816038314873,-17.460547040011388
2019-01-01 08:50:00,2019-01-01 08:50:00,21.80126542230215,16.59591126867963,-5.202181818181828,0.0,5620.775934888648,86.71128034712716,0.0,5707.487215235776,126858497.92294607,22.0,23.0,0.5142100404581247,25.0,21.0,0.5142100404581247,-0.5803562782049834,12.05764907351059,-17.765136288746366
2019-01-01 08:55:00,2019-01-01 08:55:00,21.847582143954526,16.57823065975606,-5.299638928972286,0.0,4310.808049770991,29.926840319491212,0.0,4340.734890090482,128466765.6128127,22.0,23.0,0.36069127879357826,25.0,21.0,0.36069127879357826,-0.5752200661783775,11.93213832493403,-16.27287321502451
2019-01-01 09:00:00,2019-01-01 09:00:00,21.814818855784722,16.56598918559075,-5.405850248516913,0.0,5237.446503058368,116.08771239915728,0.0,5353.5342154575255,129725445.0968723,22.0,23.0,0.5667316108623094,25.0,21.0,0.5667316108623094,-0.5809767424214769,12.072888501258674,-17.4264227167162
2019-01-01 09:05:00,2019-01-01 09:05:00,21.817999399751784,16.549833606231914,-5.523220779220765,0.0,5147.491724191967,161.17997418453655,0.0,5308.671698376503,131285390.8403757,22.0,23.0,0.6322454511827139,25.0,21.0,0.6322454511827139,-0.5819056396426502,12.095734679113079,-17.404406377489583
2019-01-01 09:10:00,2019-01-01 09:10:00,21.8343127190833,16.53362235250347,-5.6529289281705815,0.0,4686.104914815753,110.38085607825374,0.0,4796.485770894006,132834776.70150205,22.0,23.0,0.5572883172353014,25.0,21.0,0.5572883172353014,-0.5809525170887478,12.072293181438852,-16.868778952332857
2019-01-01 09:15:00,2019-01-01 09:15:00,22.013757279768015,16.496509813337184,-5.7852626648428895,0.0,0.0,8.390766823982295,0.0,8.390766823982295,134697470.32958356,22.0,23.0,0.23560760804208689,25.0,21.0,0.23560760804208689,-0.5583418299123006,11.527753687496144,-11.536144454320127
2019-01-01 09:20:00,2019-01-01 09:20:00,21.53856259283964,16.4904621334108,-5.917648484848485,0.0,7070.707070707072,26.816988320360718,0.0,7097.5240590274325,135629835.0508435,22.0,23.0,0.34773789465350446,25.0,21.0,0.34773789465350446,-0.6271048484701113,13.252648487840176,-20.350172546867608
2019-01-01 09:25:00,2019-01-01 09:25:00,21.808994010726735,16.470333829858987,-6.050131106200922,0.0,5402.189595607488,78.26559600656793,0.0,5480.455191614055,137290491.01295322,22.0,23.0,0.4969419407288987,25.0,21.0,0.4969419407288987,-0.5900152140265927,12.296779590332491,-17.777234781946547
2019-01-01 09:30:00,2019-01-01 09:30:00,21.787809437839087,16.452730066998527,-6.182755246913587,0.0,6001.349232833904,81.0713514331027,0.0,6082.420584267007,139016862.30233023,22.0,23.0,0.5028106759916691,25.0,21.0,0.5028106759916691,-0.5945666477292213,12.41086483609476,-18.493285420361765
2019-01-01 09:35:00,2019-01-01 09:35:00,21.96848950584382,16.410034012935625,-6.3155656249999765,0.0,891.2058953263004,7.188120978733958,0.0,898.3940163050344,140988947.73424193,22.0,23.0,0.22343390900636714,25.0,21.0,0.22343390900636714,-0.5722598858471076,11.860321968005948,-12.758715984310982
2019-01-01 09:40:00,2019-01-01 09:40:00,21.810584372868675,16.42003391556341,-6.448606958473647,0.0,5357.2096562394945,70.91413126998447,0.0,5428.123787509479,141885666.92268008,22.0,23.0,0.48086844780967813,25.0,21.0,0.48086844780967813,-0.5940966037050746,12.399041185587706,-17.827164973097183
2019-01-01 09:45:00,2019-01-01 09:45:00,21.84555503428271,16.39780701470721,-6.581923965347926,0.0,4368.140444529387,281.86434868056443,0.0,4650.0047932099515,143389792.61085746,22.0,23.0,0.7617200761155348,25.0,21.0,0.7617200761155348,-0.5909763513096365,12.320796368316906,-16.970801161526857
2019-01-01 09:50:00,2019-01-01 09:50:00,21.77856865860025,16.375965197148673,-6.715561363636368,0.0,6262.70460524546,65.0662775192792,0.0,6327.770882764739,145006897.06588766,22.0,23.0,0.4672693983533338,25.0,21.0,0.4672693983533338,-0.6024695063912191,12.611091994197011,-18.93886287696175
2019-01-01 09:55:00,2019-01-01 09:55:00,21.783174538842786,16.357024587129843,-6.849563871352416,0.0,6132.437285254532,205.93037421264074,0.0,6338.367659467172,146566532.80766982,22.0,23.0,0.6860495582274492,25.0,21.0,0.6860495582274492,-0.6034296691679945,12.635603389560728,-18.973971049027902
2019-01-01 10:00:00,2019-01-01 10:00:00,21.778870477822466,16.334945783310218,-6.983976206509567,0.0,6254.168304011076,53.13638638931881,0.0,6307.304690400394,148161748.6505342,22.0,23.0,0.436763185559677,25.0,21.0,0.436763185559677,-0.6059378757745615,12.699822611181744,-19.007127301582138
2019-01-01 10:05:00,2019-01-01 10:05:00,21.86291568122317,16.31515067227042,-7.118843087121206,0.0,3877.132248233539,16.406673122860173,0.0,3893.538921356399,149584260.68759513,22.0,23.0,0.29520376711472074,25.0,21.0,0.29520376711472074,-0.5955576496720965,12.435824262360512,-16.32936318371691
2019-01-01 10:10:00,2019-01-01 10:10:00,21.85404411626672,16.298448111406344,-7.254491666666695,0.0,4128.045196496788,27.950636447373608,0.0,4155.9958329441615,150855216.72437263,22.0,23.0,0.3525704580905449,25.0,21.0,0.3525704580905449,-0.5982616119658469,12.504143204935204,-16.660139037879365
2019-01-01 10:15:00,2019-01-01 10:15:00,21.53525406605752,16.257461316242654,-7.393309375000001,0.0,7070.707070707072,130.3790070311737,0.0,7201.086077738245,152474894.09985822,22.0,23.0,0.5890939680037297,25.0,21.0,0.5890939680037297,-0.6475351790492209,13.804671369159593,-21.00575744689784
2019-01-01 10:20:00,2019-01-01 10:20:00,21.5854939788573,16.231503663525928,-7.535199999999975,0.0,7070.707070707072,241.87108251578303,0.0,7312.578153222855,154612173.25648156,22.0,23.0,0.7238412611149807,25.0,21.0,0.7238412611149807,-0.6425482671699451,13.668256017321298,-20.980834170544153
2019-01-01 10:25:00,2019-01-01 10:25:00,21.867095635379087,16.1962094153144,-7.679382291666684,0.0,3758.911322611679,71.29051287865593,0.0,3830.2018354903353,156635737.15397793,22.0,23.0,0.48171769450601815,25.0,21.0,0.48171769450601815,-0.6051289695630553,12.679081837680783,-16.50928367317112
2019-01-01 10:30:00,2019-01-01 10:30:00,21.793045467798095,16.186267907443437,-7.825075000000027,0.0,5853.259496619544,126.54276871146169,0.0,5979.802265331005,158178561.48161075,22.0,23.0,0.5832585720485324,25.0,21.0,0.5832585720485324,-0.6166184834504352,12.976341857355692,-18.9561441226867
2019-01-01 10:35:00,2019-01-01 10:35:00,21.821573098945635,16.171806216902894,-7.971496875000014,0.0,5046.417403557807,101.32941471252676,0.0,5147.746818270334,159822098.93900603,22.0,23.0,0.5416189665301687,25.0,21.0,0.5416189665301687,-0.6137559722711025,12.901746267615522,-18.049493085885857
2019-01-01 10:40:00,2019-01-01 10:40:00,21.819139288916404,16.156946158648054,-8.117866666666657,0.0,5115.252434687577,83.74176176466916,0.0,5198.994196452246,161410643.16973758,22.0,23.0,0.5082718418768877,25.0,21.0,0.5082718418768877,-0.615375442110626,12.943905148694654,-18.1428993451469
2019-01-01 10:45:00,2019-01-01 10:45:00,21.77936671695295,16.140731143800508,-8.263403125000025,0.0,6240.133257896367,177.85894784200295,0.0,6417.992205738369,163037757.34162715,22.0,23.0,0.6533420221853093,25.0,21.0,0.6533420221853093,-0.622474625448547,13.13005781425521,-19.54805001999358
2019-01-01 10:50:00,2019-01-01 10:50:00,21.78568358993124,16.122728948242695,-8.407325000000014,0.0,6061.474224166988,231.4086198352406,0.0,6292.882844002229,164860497.0945577,22.0,23.0,0.7132501365821493,25.0,21.0,0.7132501365821493,-0.6231050614775155,13.146694651488758,-19.439577495490987
2019-01-01 10:55:00,2019-01-01 10:55:00,21.805220961050054,16.10517569173652,-8.548851041666694,0.0,5508.902111715644,169.80817144513682,0.0,5678.710283160781,166665329.4535292,22.0,23.0,0.6433315956623433,25.0,21.0,0.6433315956623433,-0.6217975152159183,13.112208481227839,-18.79091876438862
2019-01-01 11:00:00,2019-01-01 11:00:00,21.8089040454509,16.087829240316694,-8.687200000000018,0.0,5404.734068055303,84.97206440576208,0.0,5489.706132461066,168378920.4071223,22.0,23.0,0.5107488639606687,25.0,21.0,0.5107488639606687,-0.622749648990658,13.137313403556632,-18.6270195360177
2019-01-01 11:05:00,2019-01-01 11:05:00,21.780104875954123,16.071159604555476,-8.821590624999999,0.0,6219.25603362076,164.3267035363944,0.0,6383.582737157154,170007636.03804576,22.0,23.0,0.6363334215054702,25.0,21.0,0.6363334215054702,-0.6283103222436677,13.284717461235246,-19.6683001983924
2019-01-01 11:10:00,2019-01-01 11:10:00,21.79046655830041,16.050188225561612,-8.948678205128203,0.0,5926.198351099547,46.509402972277165,0.0,5972.707754071824,171650057.80821785,22.0,23.0,0.4177940727320218,25.0,21.0,0.4177940727320218,-0.6286120462671919,13.292754029406197,-19.26546178347802
2019-01-01 11:15:00,2019-01-01 11:15:00,21.797807691147852,16.03322904346618,-9.046148557692334,0.0,5718.570351373871,24.413681941621036,0.0,5742.984033315492,173174079.74282417,22.0,23.0,0.337023186318245,25.0,21.0,0.337023186318245,-0.6290048430130744,13.303222282524416,-19.046206315839907
2019-01-01 11:20:00,2019-01-01 11:20:00,21.15098894981702,15.978478789153655,-9.113723076923065,0.0,7070.707070707072,209.90823762994958,0.0,7280.615308337021,174797491.65969983,22.0,23.0,0.6904387859523478,25.0,21.0,0.6904387859523478,-0.7264364620263545,16.10621475515103,-23.38683006348805
2019-01-01 11:25:00,2019-01-01 11:25:00,21.70003731063946,15.922171714041724,-9.157291185897463,0.0,7070.707070707072,61.997989031434656,0.0,7132.705059738506,176937303.17762148,22.0,23.0,0.45980591497382495,25.0,21.0,0.45980591497382495,-0.6525213772468366,13.942145197617165,-21.07485025735567
2019-01-01 11:30:00,2019-01-01 11:30:00,20.878265971326414,15.872512743765412,-9.182742307692308,0.0,7070.707070707072,341.52817801543677,0.0,7412.235248722508,178708314.36355287,22.0,23.0,0.8120651378704293,25.0,21.0,0.8120651378704293,-0.7744888354163151,17.639231698875406,-25.051466947597916
2019-01-01 11:35:00,2019-01-01 11:35:00,21.71411440651167,15.82784216029006,-9.195965865384608,0.0,7070.707070707072,223.11327926855202,0.0,7293.820349975624,180896460.4685459,22.0,23.0,0.7046235583275896,25.0,21.0,0.7046235583275896,-0.6585385443326648,14.10947861789542,-21.403298967871045
2019-01-01 11:40:00,2019-01-01 11:40:00,21.777813745209016,15.838094853867972,-9.202851282051256,0.0,6284.055691058124,49.88330734244899,0.0,6333.938998400573,182573819.21020532,22.0,23.0,0.42766177370999325,25.0,21.0,0.42766177370999325,-0.6485151545953738,13.83160504936393,-20.165544047764502
2019-01-01 11:45:00,2019-01-01 11:45:00,21.823691461247734,15.838433306236482,-9.209287980769204,0.0,4986.504126326729,198.69595418099834,0.0,5185.200080507728,184238032.97446266,22.0,23.0,0.6779198660348454,25.0,21.0,0.6779198660348454,-0.6418941952616198,13.650444089522523,-18.83564417003025
2019-01-01 11:50:00,2019-01-01 11:50:00,21.412245167709784,15.77490354210795,-9.221165384615404,0.0,7070.707070707072,7.379265190734999,0.0,7078.086335897807,186355557.1018738,22.0,23.0,0.22546243531857046,25.0,21.0,0.22546243531857046,-0.7063646718979225,15.495220720860061,-22.57330705675787
2019-01-01 11:55:00,2019-01-01 11:55:00,21.560947818430805,15.802854213435921,-9.244372916666691,0.0,7070.707070707072,16.71234676170213,0.0,7087.419417468774,187320335.28534278,22.0,23.0,0.29702597339006365,25.0,21.0,0.29702597339006365,-0.6826549879432932,14.795878427670644,-21.883297845139417
2019-01-01 12:00:00,2019-01-01 12:00:00,21.127315133990408,15.772644852132828,-9.284800000000018,0.0,7070.707070707072,189.86547533159714,0.0,7260.572546038668,188901455.2465347,22.0,23.0,0.667724563826844,25.0,21.0,0.667724563826844,-0.7473763882217934,16.76210279172213,-24.022675337760795
2019-01-01 12:05:00,2019-01-01 12:05:00,21.028554269438473,15.71998725088008,-9.348336057692336,0.0,7070.707070707072,340.7645767941662,0.0,7411.471647501237,191124896.7407855,22.0,23.0,0.811459471253159,25.0,21.0,0.811459471253159,-0.7659946506768953,17.3610539118516,-24.772525559352836
2019-01-01 12:10:00,2019-01-01 12:10:00,21.48943139430321,15.654072173556301,-9.4383806267806,0.0,7070.707070707072,32.17668231779876,0.0,7102.88375302487,193255761.86669293,22.0,23.0,0.36951247666542625,25.0,21.0,0.36951247666542625,-0.7055790469639723,15.471659067467442,-22.57454282049231
2019-01-01 12:15:00,2019-01-01 12:15:00,21.89902664338757,15.683682811880999,-9.53574565527066,0.0,2855.8121062100918,9.976790566936884,0.0,2865.7888967770286,194681545.16561338,22.0,23.0,0.24987593300140445,25.0,21.0,0.24987593300140445,-0.6442363390725928,13.714311941561107,-16.580100838338137
2019-01-01 12:20:00,2019-01-01 12:20:00,21.614635421629714,15.693412340890575,-9.634830769230746,0.0,7070.707070707072,83.10396121273081,0.0,7153.811031919802,195907517.56359446,22.0,23.0,0.5069781720695001,25.0,21.0,0.5069781720695001,-0.6842659380711215,14.842625940892873,-21.996436972812674
2019-01-01 12:25:00,2019-01-01 12:25:00,21.8058264069993,15.698320913675218,-9.735262037037046,0.0,5491.778387898543,221.36390510097763,0.0,5713.142292999521,197694611.5986575,22.0,23.0,0.7027771330591318,25.0,21.0,0.7027771330591318,-0.6563882916425657,14.049501349435758,-19.76264364243528
2019-01-01 12:30:00,2019-01-01 12:30:00,21.687013691049287,15.692556278160055,-9.83666552706552,0.0,7070.707070707072,424.1745892268032,0.0,7494.881659933875,199750931.0806699,22.0,23.0,0.8728981413628062,25.0,21.0,0.8728981413628062,-0.6739468653322476,14.54512450851962,-22.040006168453495
2019-01-01 12:35:00,2019-01-01 12:35:00,21.839217637621346,15.685688100520508,-9.938667307692299,0.0,4547.3799460629525,85.55329999421,0.0,4632.933246057162,201608344.91674832,22.0,23.0,0.5119107795265472,25.0,21.0,0.5119107795265472,-0.652663859223422,13.946089388220145,-18.579022634277308
2019-01-01 12:40:00,2019-01-01 12:40:00,20.689543406280166,15.583559388004119,-10.040893447293456,0.0,7070.707070707072,2.3312463223757605,0.0,7073.038317029447,203722312.41497672,22.0,23.0,0.14863098340560144,25.0,21.0,0.14863098340560144,-0.8260650913042213,19.394058255455022,-26.46709657248447
2019-01-01 12:45:00,2019-01-01 12:45:00,21.074626263550158,15.615353253828289,-10.142970014245009,0.0,7070.707070707072,172.9314988201525,0.0,7243.638569527224,204846334.66574407,22.0,23.0,0.6472519804812521,25.0,21.0,0.6472519804812521,-0.768306738806588,17.436468123294162,-24.680106692821386
2019-01-01 12:50:00,2019-01-01 12:50:00,21.45326437726993,15.55171221174919,-10.244523076923088,0.0,7070.707070707072,43.07822856764184,0.0,7113.785299274713,206980470.25552666,22.0,23.0,0.4072564440069648,25.0,21.0,0.4072564440069648,-0.7194689344787724,15.892153893054655,-23.005939192329368
2019-01-01 12:55:00,2019-01-01 12:55:00,21.568858104331525,15.52297030459215,-10.34517870370371,0.0,7070.707070707072,5.796988669929801,0.0,7076.504059377002,209103421.47333944,22.0,23.0,0.20734656624222642,25.0,21.0,0.20734656624222642,-0.7053258262772487,15.464070407680126,-22.540574467057127
2019-01-01 13:00:00,2019-01-01 13:00:00,21.306915723679992,15.547761535012683,-10.444562962962948,0.0,7070.707070707072,195.88785728293655,0.0,7266.594927990008,210285732.6055265,22.0,23.0,0.6747111046995915,25.0,21.0,0.6747111046995915,-0.7407864820190206,16.553661605917313,-23.82025653390732
2019-01-01 13:05:00,2019-01-01 13:05:00,21.750625398855334,15.550937749165428,-10.542301923076934,0.0,7053.019022273383,204.4816373972935,0.0,7257.500659670676,212323120.15826288,22.0,23.0,0.6844369660380122,25.0,21.0,0.6844369660380122,-0.676848691198979,14.62831925435718,-21.885819914027856
2019-01-01 13:10:00,2019-01-01 13:10:00,21.89783332376976,15.548310293587292,-10.638211680911695,0.0,2889.5625600471985,46.562683578976525,0.0,2936.1252436261752,214160931.53570336,22.0,23.0,0.41795355178550136,25.0,21.0,0.41795355178550136,-0.655913257268806,14.036278176857223,-16.9724034204834
2019-01-01 13:15:00,2019-01-01 13:15:00,21.84889687837375,15.555915582438956,-10.733737143874635,0.0,4273.623641954532,22.975685471702107,0.0,4296.599327426235,215765965.6709337,22.0,23.0,0.3302718140663871,25.0,21.0,0.3302718140663871,-0.6623030262964509,14.214964157598573,-18.51156348502481
2019-01-01 13:20:00,2019-01-01 13:20:00,21.806930740054383,15.562128498757033,-10.829107692307673,0.0,5460.544725734609,20.989796478034087,0.0,5481.5345222126425,217295398.45239902,22.0,23.0,0.32046806787427107,25.0,21.0,0.32046806787427107,-0.667807250949203,14.370304449495052,-19.851838971707693
2019-01-01 13:25:00,2019-01-01 13:25:00,21.653784516449548,15.551424097333893,-10.924136360398848,0.0,7070.707070707072,63.72224070173681,0.0,7134.429311408809,218888510.22831172,22.0,23.0,0.46402961535036613,25.0,21.0,0.46402961535036613,-0.6907168076024148,15.03094537516202,-22.16537468657083
2019-01-01 13:30:00,2019-01-01 13:30:00,19.175862415382255,15.362977173891466,-11.018636182336195,0.0,7070.707070707072,0.2740621423147553,0.0,7070.981132849386,221009804.56816608,22.0,23.0,0.05952089024286832,25.0,21.0,0.05952089024286832,-1.060142799486485,28.71935631572741,-35.79033744857679
2019-01-01 13:35:00,2019-01-01 13:35:00,20.990714439339456,15.439815211622602,-11.112420192307695,0.0,7070.707070707072,185.13767841493714,0.0,7255.844749122009,221939544.45770365,22.0,23.0,0.662135628568743,25.0,21.0,0.662135628568743,-0.7952327607830197,18.33148527940186,-25.58733002852387
2019-01-01 13:40:00,2019-01-01 13:40:00,21.46207460688663,15.373024587919929,-11.205301424501442,0.0,7070.707070707072,74.03816049763185,0.0,7144.7452312047035,224082968.02706543,22.0,23.0,0.4878285640031865,25.0,21.0,0.4878285640031865,-0.7333758635435408,16.321487005534394,-23.466232236739096
2019-01-01 13:45:00,2019-01-01 13:45:00,21.77776753855062,15.401718775179518,-11.297092913105416,0.0,6285.362546043072,141.80034835727713,0.0,6427.16289440035,225872016.11113846,22.0,23.0,0.6058165294559787,25.0,21.0,0.6058165294559787,-0.6856153019544367,14.88186895560905,-21.3090318500094
2019-01-01 13:50:00,2019-01-01 13:50:00,21.783745585666736,15.418570312933014,-11.38760769230771,0.0,6116.286465991302,119.80431961151358,0.0,6236.090785602815,227717264.4961644,22.0,23.0,0.5727162579585187,25.0,21.0,0.5727162579585187,-0.6833266837321286,14.815356455595065,-21.05144724119788
2019-01-01 13:55:00,2019-01-01 13:55:00,21.447540121731663,15.367824933566453,-11.476658796296306,0.0,7070.707070707072,8.889374332861362,0.0,7079.596445039933,229839817.29143742,22.0,23.0,0.24028693299768455,25.0,21.0,0.24028693299768455,-0.7359018142015091,16.400360109825968,-23.4799565548659
2019-01-01 14:00:00,2019-01-01 14:00:00,21.36444769209669,15.398489193688476,-11.564059259259238,0.0,7070.707070707072,34.91642290412908,0.0,7105.6234936112005,230857196.01181883,22.0,23.0,0.37971574104581934,25.0,21.0,0.37971574104581934,-0.745216033897715,16.693564816550122,-23.799188310161323
2019-01-01 14:05:00,2019-01-01 14:05:00,20.462698133538595,15.275354910629687,-11.649622115384602,0.0,7070.707070707072,2.061219992430577,0.0,7072.768290699502,232979026.4990287,22.0,23.0,0.14174578077638492,25.0,21.0,0.14174578077638492,-0.8846262601620163,21.52168758617077,-28.594455876870274
2019-01-01 14:10:00,2019-01-01 14:10:00,22.033213649498578,15.324363833366988,-11.732509259259245,0.0,0.0,5.739851632194568,0.0,5.739851632194568,234009060.15275204,22.0,23.0,0.20662811198973793,25.0,21.0,0.20662811198973793,-0.6554362867072704,14.023010947183963,-14.028750798816157
2019-01-01 14:15:00,2019-01-01 14:15:00,21.305427845634142,15.336852271322243,-11.806855324074093,0.0,7070.707070707072,64.87222562051275,0.0,7135.579296327584,235102593.87945205,22.0,23.0,0.4668044119382844,25.0,21.0,0.4668044119382844,-0.7589052016594251,17.131237941114307,-24.26681723744189
2019-01-01 14:20:00,2019-01-01 14:20:00,21.818703530425466,15.34024906870286,-11.872000000000014,0.0,5127.5769172595365,44.86533602276336,0.0,5172.4422532823,236845379.6438679,22.0,23.0,0.4128120137217438,25.0,21.0,0.4128120137217438,-0.684944151497864,14.862340312067886,-20.034782565350184
2019-01-01 14:25:00,2019-01-01 14:25:00,21.894408675733132,15.344389656519525,-11.92881134259261,0.0,2986.4212923962673,21.88843398039079,0.0,3008.309726376658,238585352.70097056,22.0,23.0,0.32497771675624276,25.0,21.0,0.32497771675624276,-0.6737085026858858,14.538306898022782,-17.54661662439944
2019-01-01 14:30:00,2019-01-01 14:30:00,21.857996089600192,15.349623415391761,-11.978157407407423,0.0,4016.2722133278994,62.93628146847948,0.0,4079.208494796379,240100208.45181865,22.0,23.0,0.4621139148996519,25.0,21.0,0.4621139148996519,-0.678500707276993,14.675844984263364,-18.755053479059743
2019-01-01 14:35:00,2019-01-01 14:35:00,21.818715919466683,15.349538558068332,-12.020906249999996,0.0,5127.22652013421,129.00743468146516,0.0,5256.233954815675,241851948.8951472,22.0,23.0,0.5870209477228933,25.0,21.0,0.5870209477228933,-0.6841548685308262,14.839399256524771,-20.09563321134045
2019-01-01 14:40:00,2019-01-01 14:40:00,21.775076031013555,15.351704457690971,-12.057925925925929,0.0,6361.4859915358265,121.99669785941494,0.0,6483.482689395241,243740797.18530712,22.0,23.0,0.576188666177194,25.0,21.0,0.576188666177194,-0.6902434661342621,15.017066026161388,-21.50054871555663
2019-01-01 14:45:00,2019-01-01 14:45:00,21.766167813369464,15.350389007477645,-12.090084490740765,0.0,6613.435581469716,65.00161162353014,0.0,6678.437193093247,245587481.37579453,22.0,23.0,0.4671145490159259,25.0,21.0,0.4671145490159259,-0.6916351491576505,15.057900659860266,-21.73633785295351
2019-01-01 14:50:00,2019-01-01 14:50:00,21.638524488008727,15.336091907504112,-12.118249999999989,0.0,7070.707070707072,205.56550580481291,0.0,7276.272576511885,247423643.0312059,22.0,23.0,0.6856441367433748,25.0,21.0,0.6856441367433748,-0.711183166311208,15.640314352114501,-22.916586928626387
2019-01-01 14:55:00,2019-01-01 14:55:00,21.743230057697872,15.334793080402449,-12.14329050925926,0.0,7070.707070707072,266.0373679073475,0.0,7336.744438614419,249561435.74639633,22.0,23.0,0.7471874468760754,25.0,21.0,0.7471874468760754,-0.6962533092146922,15.194005851351093,-22.53075028996551
2019-01-01 15:00:00,2019-01-01 15:00:00,21.75229087236181,15.332471832456463,-12.16607407407406,0.0,7005.914721080077,268.95218522883437,0.0,7274.866906308911,251727174.88646376,22.0,23.0,0.7499063743506179,25.0,21.0,0.7499063743506179,-0.6951481548883255,15.161351179808449,-22.43621808611736
2019-01-01 15:05:00,2019-01-01 15:05:00,21.614115674579807,15.321339149951655,-12.187468749999994,0.0,7070.707070707072,344.76896246365027,0.0,7415.476033170722,253911786.18772367,22.0,23.0,0.8146256366611871,25.0,21.0,0.8146256366611871,-0.7159386628102348,15.78449236046076,-23.199968393631483
2019-01-01 15:10:00,2019-01-01 15:10:00,21.46829137395048,15.256988383183113,-12.207494107744083,0.0,7070.707070707072,22.531105984350827,0.0,7093.238176691422,256039757.6407309,22.0,23.0,0.3281276712219883,25.0,21.0,0.3281276712219883,-0.742321386440613,16.60204482555443,-23.69528300224585
2019-01-01 15:15:00,2019-01-01 15:15:00,21.61737100597503,15.271446925461305,-12.219479061447828,0.0,7070.707070707072,38.620883797056536,0.0,7109.327954504128,257549475.9382586,22.0,23.0,0.3926956484262283,25.0,21.0,0.3926956484262283,-0.7196996460788389,15.89920851288069,-23.00853646738482
2019-01-01 15:20:00,2019-01-01 15:20:00,21.765245569111528,15.280009930247331,-12.223272727272729,0.0,6639.519257451738,34.19001097015701,0.0,6673.709268421895,259374483.062926,22.0,23.0,0.37706402532136596,25.0,21.0,0.37706402532136596,-0.6977325480311544,15.237796378685857,-21.911505647107752
2019-01-01 15:25:00,2019-01-01 15:25:00,20.523463188176777,15.218797012857692,-12.220690130471382,0.0,7070.707070707072,374.2360145693861,0.0,7444.943085276458,261050831.6571595,22.0,23.0,0.8372025566894595,25.0,21.0,0.8372025566894595,-0.8807519171598363,21.376546373690886,-28.821489458967342
2019-01-01 15:30:00,2019-01-01 15:30:00,21.025245105676788,15.12389508805893,-12.213546296296272,0.0,7070.707070707072,123.27203389200673,0.0,7193.979104599079,263209025.38853914,22.0,23.0,0.5781895080899518,25.0,21.0,0.5781895080899518,-0.8170783423152034,19.080211065826518,-26.274190170425598
2019-01-01 15:35:00,2019-01-01 15:35:00,21.776879257299527,15.153346532600324,-12.203656249999995,0.0,6310.4856521346,135.54278517416446,0.0,6446.028437308764,265219408.93331668,22.0,23.0,0.5967706941484503,25.0,21.0,0.5967706941484503,-0.7067854236927877,15.507850422923184,-21.95387886023195
2019-01-01 15:40:00,2019-01-01 15:40:00,21.74536771132091,15.143386355718974,-12.192835016835033,0.0,7070.707070707072,23.11140464196391,0.0,7093.818475349036,267346976.42384988,22.0,23.0,0.33092085157575374,25.0,21.0,0.33092085157575374,-0.7121568735263977,15.66975603381286,-22.763574509161895
2019-01-01 15:45:00,2019-01-01 15:45:00,21.106986199017967,15.155769728712642,-12.182897622053872,0.0,7070.707070707072,98.00630044702535,0.0,7168.713371154097,268621508.35797215,22.0,23.0,0.5356322093317994,25.0,21.0,0.5356322093317994,-0.8026783060039159,18.58440556470137,-25.75311893585547
2019-01-01 15:50:00,2019-01-01 15:50:00,21.192153343122982,15.08933052368809,-12.175659090909107,0.0,7070.707070707072,15.119351261582622,0.0,7085.826421968654,270747256.28456247,22.0,23.0,0.2872680689790794,25.0,21.0,0.2872680689790794,-0.7961046077147156,18.360980017627554,-25.44680643959621
2019-01-01 15:55:00,2019-01-01 15:55:00,21.180781789637933,15.122667320399955,-12.172934448653223,0.0,7070.707070707072,93.07323929426572,0.0,7163.780310001337,272127342.61394846,22.0,23.0,0.5264902050300457,25.0,21.0,0.5264902050300457,-0.7949122988428967,18.32065208921098,-25.484432399212317
2019-01-01 16:00:00,2019-01-01 16:00:00,21.70822059240544,15.10597161365547,-12.176538720538701,0.0,7070.707070707072,36.64241397624407,0.0,7107.3494846833155,274259547.4593539,22.0,23.0,0.38587209986344984,25.0,21.0,0.38587209986344984,-0.7206597431743202,15.928590643804341,-23.035940128487656
2019-01-01 16:05:00,2019-01-01 16:05:00,21.80574479739613,15.147682911903757,-12.188286931818197,0.0,5494.086538291266,59.00661031883998,0.0,5553.093148610106,275817347.81546366,22.0,23.0,0.4522885309290555,25.0,21.0,0.4522885309290555,-0.703115553818466,15.397949184333939,-20.951042332944045
2019-01-01 16:10:00,2019-01-01 16:10:00,21.496169290787748,15.213332536656765,-12.210450505050517,0.0,7070.707070707072,203.8817001864307,0.0,7274.588770893502,277445386.86259216,22.0,23.0,0.6837669442810516,25.0,21.0,0.6837669442810516,-0.7420196585854391,16.592525786081865,-23.867114556975366
2019-01-01 16:15:00,2019-01-01 16:15:00,21.564556384789796,15.272379454634404,-12.247421464646436,0.0,7070.707070707072,436.4221576917124,0.0,7507.129228398784,279646055.0139985,22.0,23.0,0.8812198746885679,25.0,21.0,0.8812198746885679,-0.7272028978906566,16.129889213465788,-23.637018441864573
2019-01-01 16:20:00,2019-01-01 16:20:00,21.773184472880416,15.289491610936182,-12.297309090909096,0.0,6414.984605402369,47.60736733987439,0.0,6462.591972742243,281779928.49132514,22.0,23.0,0.42105620783476244,25.0,21.0,0.42105620783476244,-0.6957882881867138,15.180259161853925,-21.642851134596167
2019-01-01 16:25:00,2019-01-01 16:25:00,21.550799289992312,15.339196942724016,-12.35689368686866,0.0,7070.707070707072,88.76705486672402,0.0,7159.474125573795,283401740.95150405,22.0,23.0,0.5182420195903163,25.0,21.0,0.5182420195903163,-0.7235138486244599,16.01616997245705,-23.175644098030844
2019-01-01 16:30:00,2019-01-01 16:30:00,20.840865626997868,15.291923577243153,-12.422955555555575,0.0,7070.707070707072,3.2852529703581297,0.0,7073.992323677429,285523938.6486076,22.0,23.0,0.16908119533749924,25.0,21.0,0.16908119533749924,-0.8292140097012805,19.50483132492957,-26.578823648607
2019-01-01 16:35:00,2019-01-01 16:35:00,21.4288351773655,15.408238533457165,-12.492275000000006,0.0,7070.707070707072,34.41172718359408,0.0,7105.1187978906655,286233370.3167287,22.0,23.0,0.37787733444053745,25.0,21.0,0.37787733444053745,-0.7351559303889104,16.377041285380386,-23.48216008327105
2019-01-01 16:40:00,2019-01-01 16:40:00,21.760929514091515,15.448851734692084,-12.561632323232345,0.0,6761.589500441997,106.53995649945102,0.0,6868.129456941449,288127532.47875625,22.0,23.0,0.5507479100970624,25.0,21.0,0.5507479100970624,-0.684035949536805,14.835945128799679,-21.70407458574113
2019-01-01 16:45:00,2019-01-01 16:45:00,21.775587590729003,15.494029792133801,-12.627807828282812,0.0,6347.017635947382,172.71901493144807,0.0,6519.73665087883,289975227.0550873,22.0,23.0,0.6469867753066675,25.0,21.0,0.6469867753066675,-0.6780948863311234,14.6641592558003,-21.18389590667913
2019-01-01 16:50:00,2019-01-01 16:50:00,21.782807897063776,15.53392584893885,-12.687581818181798,0.0,6142.8069517315835,115.31512745771117,0.0,6258.122079189295,291889669.9232872,22.0,23.0,0.5654715773158585,25.0,21.0,0.5654715773158585,-0.673669523515713,14.537192255951581,-20.795314335140876
2019-01-01 16:55:00,2019-01-01 16:55:00,21.77643848550923,15.572634136526005,-12.73773459595958,0.0,6322.951924991428,142.41902965423432,0.0,6465.370954645663,293721245.35712063,22.0,23.0,0.6066963194270967,25.0,21.0,0.6066963194270967,-0.6712965721253783,14.469459590501131,-20.934830545146795
2019-01-01 17:00:00,2019-01-01 17:00:00,21.766006924217663,15.607491932708115,-12.775046464646493,0.0,6617.985981722656,195.27337409421466,0.0,6813.259355816871,295662256.21694833,22.0,23.0,0.6740048623391385,25.0,21.0,0.6740048623391385,-0.6698332404941705,14.42781229194648,-21.241071647763352
2019-01-01 17:05:00,2019-01-01 17:05:00,21.845462729728183,15.607871168100985,-12.796297727272702,0.0,4370.75107839482,17.315326015017394,0.0,4388.066404409838,297761296.07012624,22.0,23.0,0.3005561210223077,25.0,21.0,0.3005561210223077,-0.6583822063937395,14.105111110335244,-18.49317751474508
2019-01-01 17:10:00,2019-01-01 17:10:00,21.212708500570443,15.641754003978747,-12.800000000000011,0.0,7070.707070707072,85.82810806883947,0.0,7156.535178775911,298913196.8984713,22.0,23.0,0.5124583012062649,25.0,21.0,0.5124583012062649,-0.7462915199721224,16.727659971600986,-23.884195150376897
2019-01-01 17:15:00,2019-01-01 17:15:00,21.47453632454136,15.608927262125292,-12.800000000000011,0.0,7070.707070707072,11.034195235120787,0.0,7081.7412659421925,301037719.27825314,22.0,23.0,0.25851232475425073,25.0,21.0,0.25851232475425073,-0.7115546920406867,15.651543237824285,-22.733284503766477
2019-01-01 17:20:00,2019-01-01 17:20:00,20.621780874715682,15.64948297614552,-12.800000000000011,0.0,7070.707070707072,275.83917433712,0.0,7346.546245044192,302240938.10429305,22.0,23.0,0.7562533895354183,25.0,21.0,0.7562533895354183,-0.8301309422957194,19.537165460041862,-26.883711705086053
2019-01-01 17:25:00,2019-01-01 17:25:00,21.376507336748148,15.597189514161357,-12.800000000000011,0.0,7070.707070707072,42.766130791118535,0.0,7113.47320149819,304374980.0647421,22.0,23.0,0.40627054750984326,25.0,21.0,0.40627054750984326,-0.7266100916092142,16.11157579054158,-23.225048992039767
2019-01-01 17:30:00,2019-01-01 17:30:00,21.81875684339144,15.666894946955495,-12.800000000000011,0.0,5126.069075797636,50.363775143243636,0.0,5176.43285094088,305930286.1732318,22.0,23.0,0.42903044472279134,25.0,21.0,0.42903044472279134,-0.6572028871127255,14.072199389756165,-19.248632240697045
2019-01-01 17:35:00,2019-01-01 17:35:00,21.80699667016313,15.71923809953546,-12.800000000000011,0.0,5458.680035790258,26.36689281903578,0.0,5485.046928609294,307475849.5727989,22.0,23.0,0.34578143373810355,25.0,21.0,0.34578143373810355,-0.6544406022926118,13.99534714589727,-19.480394074506563
2019-01-01 17:40:00,2019-01-01 17:40:00,20.786609157453825,15.709803529056558,-12.800000000000011,0.0,7070.707070707072,328.7212791664668,0.0,7399.4283498735385,309089126.36393005,22.0,23.0,0.8017850586471617,25.0,21.0,0.8017850586471617,-0.8014543596600284,18.54266778737339,-25.942096137246928
2019-01-01 17:45:00,2019-01-01 17:45:00,20.954908014727494,15.672687617886538,-12.800000000000011,0.0,7070.707070707072,280.4823360875106,0.0,7351.189406794582,311294483.18596876,22.0,23.0,0.7604731028136097,25.0,21.0,0.7604731028136097,-0.7805561055048603,17.83981231018126,-25.19100171697584
2019-01-01 17:50:00,2019-01-01 17:50:00,21.183954858082302,15.669740713888075,-12.800000000000011,0.0,7070.707070707072,227.92540246532434,0.0,7298.632473172396,313484072.92792034,22.0,23.0,0.7096533592322026,25.0,21.0,0.7096533592322026,-0.7480282655351098,16.782823106730874,-24.08145557990327
2019-01-01 17:55:00,2019-01-01 17:55:00,21.806519521164148,15.714264981435576,-12.800000000000011,0.0,5472.175158993793,223.49230246954875,0.0,5695.667461463342,315642746.2557506,22.0,23.0,0.7050223357088689,25.0,21.0,0.7050223357088689,-0.6549322882637887,14.009002633596026,-19.70467009505937
2019-01-01 18:00:00,2019-01-01 18:00:00,21.757612171410983,15.771281810247501,-12.800000000000011,0.0,6855.41333383078,258.8442717815206,0.0,7114.257605612301,317658617.018934,22.0,23.0,0.7403916955739529,25.0,21.0,0.7403916955739529,0.0,0.0,-7.114257605612301
2019-01-01 18:05:00,2019-01-01 18:05:00,21.766870530323104,15.818056344915647,-12.800000000000011,0.0,6593.560758538485,118.1271444089724,0.0,6711.687902947458,319567472.0287978,22.0,23.0,0.5700311488397564,25.0,21.0,0.5700311488397564,0.0,0.0,-6.711687902947458
2019-01-01 18:10:00,2019-01-01 18:10:00,21.804427859985765,15.863832619960647,-12.799409259259278,0.0,5531.333252927864,70.89344623893732,0.0,5602.226699166801,321319345.7957228,22.0,23.0,0.48082168822462057,25.0,21.0,0.48082168822462057,0.0,0.0,-5.602226699166801
2019-01-01 18:15:00,2019-01-01 18:15:00,21.264919229397606,15.871895332783879,-12.79338726851853,0.0,7070.707070707072,240.16228147466413,0.0,7310.869352181736,323163494.4602918,22.0,23.0,0.7221326028703705,25.0,21.0,0.7221326028703705,0.0,0.0,-7.310869352181736
2019-01-01 18:20:00,2019-01-01 18:20:00,21.73970095287325,15.875630297795794,-12.782399999999996,0.0,7070.707070707072,66.6630046303809,0.0,7137.370075337452,325304705.4828928,22.0,23.0,0.4710608168822998,25.0,21.0,0.4710608168822998,0.0,0.0,-7.1373700753374525
2019-01-01 18:25:00,2019-01-01 18:25:00,21.81409021099023,15.929006713142257,-12.768357175925928,0.0,5258.054638660164,52.66505690936827,0.0,5310.719695569532,327000445.2299485,22.0,23.0,0.43546795852512776,25.0,21.0,0.43546795852512776,0.0,0.0,-5.3107196955695315
2019-01-01 18:30:00,2019-01-01 18:30:00,21.907236309680627,15.96896448575552,-12.753168518518521,0.0,2623.619524184285,16.07055766944649,0.0,2639.6900818537315,328571520.57963085,22.0,23.0,0.29317356018746654,25.0,21.0,0.29317356018746654,0.0,0.0,-2.6396900818537317
2019-01-01 18:35:00,2019-01-01 18:35:00,21.878115506080462,16.010339492277524,-12.738743750000026,0.0,3447.2382118657165,10.14611208490962,0.0,3457.384323950626,329982413.3917566,22.0,23.0,0.25130109821756286,25.0,21.0,0.25130109821756286,0.0,0.0,-3.457384323950626
2019-01-01 18:40:00,2019-01-01 18:40:00,21.894443432472087,16.04943329704213,-12.72699259259258,0.0,2985.4382735167214,29.612600801841147,0.0,3015.0508743185624,331182777.95488805,22.0,23.0,0.3594243837634574,25.0,21.0,0.3594243837634574,0.0,0.0,-3.0150508743185624
2019-01-01 18:45:00,2019-01-01 18:45:00,21.833213369676173,16.08385647347825,-12.719824768518492,0.0,4717.19762532036,66.7254326752609,0.0,4783.923057995621,332563704.13199466,22.0,23.0,0.47120781611130713,25.0,21.0,0.47120781611130713,0.0,0.0,-4.783923057995621
2019-01-01 18:50:00,2019-01-01 18:50:00,21.78688016768899,16.113408935618565,-12.719150000000013,0.0,6027.631620917409,119.11622130021821,0.0,6146.747842217627,334240941.596499,22.0,23.0,0.5716176832542814,25.0,21.0,0.5716176832542814,0.0,0.0,-6.146747842217628
2019-01-01 18:55:00,2019-01-01 18:55:00,21.778384324133015,16.14046026982794,-12.72687800925928,0.0,6267.91810532888,44.48850649619651,0.0,6312.406611825077,335893740.3343983,22.0,23.0,0.4116530096509427,25.0,21.0,0.4116530096509427,0.0,0.0,-6.312406611825077
2019-01-01 19:00:00,2019-01-01 19:00:00,21.809442677135507,16.169047957848534,-12.744918518518546,0.0,5389.500040611912,88.8096488935171,0.0,5478.309689505429,337428918.83888084,22.0,23.0,0.518324897503273,25.0,21.0,0.518324897503273,0.0,0.0,-5.478309689505429
2019-01-01 19:05:00,2019-01-01 19:05:00,21.812178156648656,16.19414171792323,-12.775181250000003,0.0,5312.132943270332,75.107109993103,0.0,5387.240053263436,339099816.2256515,22.0,23.0,0.49016508177739354,25.0,21.0,0.49016508177739354,0.0,0.0,-5.387240053263436
2019-01-01 19:10:00,2019-01-01 19:10:00,21.81406198917108,16.218531336657634,-12.819535185185202,0.0,5258.852831525014,47.75801584514021,0.0,5306.610847370154,340692324.9175441,22.0,23.0,0.4214998695467726,25.0,21.0,0.4214998695467726,0.0,0.0,-5.3066108473701545
2019-01-01 19:15:00,2019-01-01 19:15:00,21.450066204247264,16.213951214677877,-12.878265509259279,0.0,7070.707070707072,187.9372090125543,0.0,7258.644279719626,342453347.25239176,22.0,23.0,0.6654564064781504,25.0,21.0,0.6654564064781504,0.0,0.0,-7.258644279719626
2019-01-01 19:20:00,2019-01-01 19:20:00,21.700251690786786,16.220537943953673,-12.949599999999975,0.0,7070.707070707072,196.65494069028168,0.0,7267.362011397353,344633555.85581076,22.0,23.0,0.6755906650598855,25.0,21.0,0.6755906650598855,0.0,0.0,-7.267362011397353
2019-01-01 19:25:00,2019-01-01 19:25:00,21.763498928572915,16.234421840731102,-13.03162893518521,0.0,6688.919191877158,89.92893516774805,0.0,6778.848127044906,346581354.3721351,22.0,23.0,0.5204933315537101,25.0,21.0,0.5204933315537101,0.0,0.0,-6.778848127044905
2019-01-01 19:30:00,2019-01-01 19:30:00,21.525930077096405,16.22895283544682,-13.12244259259262,0.0,7070.707070707072,467.90693759180766,0.0,7538.6140082988795,348607683.2857679,22.0,23.0,0.9019210317180753,25.0,21.0,0.9019210317180753,0.0,0.0,-7.53861400829888
2019-01-01 19:35:00,2019-01-01 19:35:00,21.249252179188545,16.162207700107388,-13.220131250000009,0.0,7070.707070707072,6.6204582349392,0.0,7077.327528942011,350730881.5444504,22.0,23.0,0.2171693514109711,25.0,21.0,0.2171693514109711,0.0,0.0,-7.077327528942011
2019-01-01 19:40:00,2019-01-01 19:40:00,21.37656716237069,16.229151788340687,-13.322785185185182,0.0,7070.707070707072,67.13252415588649,0.0,7137.839594862958,351455318.44987565,22.0,23.0,0.472164152596782,25.0,21.0,0.472164152596782,0.0,0.0,-7.137839594862958
2019-01-01 19:45:00,2019-01-01 19:45:00,21.894701477469255,16.222173676142802,-13.428494675925947,0.0,2978.1400311725924,39.903505388528394,0.0,3018.0435365611206,353130006.7631373,22.0,23.0,0.39699560817432256,25.0,21.0,0.39699560817432256,0.0,0.0,-3.0180435365611205
2019-01-01 19:50:00,2019-01-01 19:50:00,21.3691563885522,16.173111039715025,-13.535349999999994,0.0,7070.707070707072,3.3043821836481975,0.0,7074.01145289072,355225394.8129377,22.0,23.0,0.16944380715382137,25.0,21.0,0.16944380715382137,0.0,0.0,-7.07401145289072
2019-01-01 19:55:00,2019-01-01 19:55:00,20.924107727401008,16.187060613659582,-13.641441435185186,0.0,7070.707070707072,277.96673081113863,0.0,7348.67380151821,356393096.51439786,22.0,23.0,0.758192747556941,25.0,21.0,0.758192747556941,0.0,0.0,-7.34867380151821
2019-01-01 20:00:00,2019-01-01 20:00:00,21.503563443796907,16.121046056717546,-13.744859259259272,0.0,7070.707070707072,34.69093575314682,0.0,7105.398006460218,358524715.9163355,22.0,23.0,0.3788965850098778,25.0,21.0,0.3788965850098778,0.0,0.0,-7.105398006460218
2019-01-01 20:05:00,2019-01-01 20:05:00,21.4221503114274,16.13349652771211,-13.84369375,0.0,7070.707070707072,129.965799452222,0.0,7200.672870159294,360086554.51791525,22.0,23.0,0.5884709748165652,25.0,21.0,0.5884709748165652,0.0,0.0,-7.200672870159294
2019-01-01 20:10:00,2019-01-01 20:10:00,21.764790865521093,16.148653138531188,-13.937257407407401,0.0,6652.379561019602,122.71425698518208,0.0,6775.093818004784,361979413.79403746,22.0,23.0,0.5773161323941608,25.0,21.0,0.5773161323941608,0.0,0.0,-6.775093818004784
2019-01-01 20:15:00,2019-01-01 20:15:00,21.76854636732554,16.161331189780412,-14.03494606481479,0.0,6546.16334836853,196.70983836700142,0.0,6742.873186735532,363842406.02394384,22.0,23.0,0.6756535245828778,25.0,21.0,0.6756535245828778,0.0,0.0,-6.742873186735531
2019-01-01 20:20:00,2019-01-01 20:20:00,21.792203944939843,16.169586058702066,-14.13760000000002,0.0,5877.060143115564,128.53038537280915,0.0,6005.590528488373,365744142.9766186,22.0,23.0,0.5862964834632188,25.0,21.0,0.5862964834632188,0.0,0.0,-6.005590528488373
2019-01-01 20:25:00,2019-01-01 20:25:00,21.790897280038394,16.176934267025956,-14.243309490740728,0.0,5914.016322146445,122.56166660940761,0.0,6036.577988755853,367543652.9142292,22.0,23.0,0.5770767431377848,25.0,21.0,0.5770767431377848,0.0,0.0,-6.036577988755853
2019-01-01 20:30:00,2019-01-01 20:30:00,21.78280904450122,16.180831189907735,-14.350164814814832,0.0,6142.774498955372,41.95993203630027,0.0,6184.7344309916725,369218599.75575495,22.0,23.0,0.40370142104220047,25.0,21.0,0.40370142104220047,0.0,0.0,-6.184734430991672
2019-01-01 20:35:00,2019-01-01 20:35:00,21.383599752121597,16.157240403499827,-14.456256250000024,0.0,7070.707070707072,204.1020885102395,0.0,7274.809159217311,371021082.8659162,22.0,23.0,0.6840132308693546,25.0,21.0,0.6840132308693546,0.0,0.0,-7.274809159217312
2019-01-01 20:40:00,2019-01-01 20:40:00,21.57410256541408,16.138393352530443,-14.559674074074053,0.0,7070.707070707072,197.9293731976947,0.0,7268.636443904767,373201673.7990877,22.0,23.0,0.6770469238632267,25.0,21.0,0.6770469238632267,0.0,0.0,-7.268636443904766
2019-01-01 20:45:00,2019-01-01 20:45:00,21.478140946487883,16.128262425532625,-14.658508564814838,0.0,7070.707070707072,262.57739135869144,0.0,7333.284462065763,375401659.1377067,22.0,23.0,0.7439340939919565,25.0,21.0,0.7439340939919565,0.0,0.0,-7.333284462065763
2019-01-01 20:50:00,2019-01-01 20:50:00,21.86679576161714,16.119567122824947,-14.750850000000014,0.0,3767.392600727335,104.73998920911508,0.0,3872.13258993645,377378814.1331298,22.0,23.0,0.5476286923404582,25.0,21.0,0.5476286923404582,0.0,0.0,-3.87213258993645
2019-01-01 20:55:00,2019-01-01 20:55:00,21.30555596546361,16.096819049777082,-14.834788657407387,0.0,7070.707070707072,434.6758581451274,0.0,7505.382928852199,379358876.84585357,22.0,23.0,0.8800429324661849,25.0,21.0,0.8800429324661849,0.0,0.0,-7.5053829288522
2019-01-01 21:00:00,2019-01-01 21:00:00,21.755037211589922,16.058005492393818,-14.908414814814819,0.0,6928.240480285029,40.88005302714285,0.0,6969.120533312172,381492249.8921641,22.0,23.0,0.40020806497564937,25.0,21.0,0.40020806497564937,0.0,0.0,-6.9691205333121715
2019-01-01 21:05:00,2019-01-01 21:05:00,21.817440561837373,16.07702847554816,-14.969818750000002,0.0,5163.2972409632,53.0773926065022,0.0,5216.374633569702,383052785.1628434,22.0,23.0,0.43660148936812504,25.0,21.0,0.43660148936812504,0.0,0.0,-5.2163746335697025
2019-01-01 21:10:00,2019-01-01 21:10:00,21.878515581001864,16.086711190833398,-15.0171314814815,0.0,3435.922961563452,14.571359058184687,0.0,3450.4943206216367,384688992.26076025,22.0,23.0,0.28375054885224205,25.0,21.0,0.28375054885224205,0.0,0.0,-3.4504943206216367
2019-01-01 21:15:00,2019-01-01 21:15:00,21.86017913452224,16.09327262966474,-15.050067824074063,0.0,3954.529528663893,40.44832902855338,0.0,3994.9778576924464,386171036.30159754,22.0,23.0,0.3987942438589828,25.0,21.0,0.3987942438589828,0.0,0.0,-3.9949778576924464
2019-01-01 21:20:00,2019-01-01 21:20:00,21.107465784341116,16.05440083385224,-15.070400000000006,0.0,7070.707070707072,385.797017727147,0.0,7456.504088434219,387922590.7975976,22.0,23.0,0.845736306643388,25.0,21.0,0.845736306643388,0.0,0.0,-7.456504088434219
2019-01-01 21:25:00,2019-01-01 21:25:00,21.73462719821839,16.015364475315664,-15.080037731481468,0.0,7070.707070707072,77.6715242968564,0.0,7148.378595003928,390067104.3760988,22.0,23.0,0.49568140702990227,25.0,21.0,0.49568140702990227,0.0,0.0,-7.148378595003928
2019-01-01 21:30:00,2019-01-01 21:30:00,21.486807481059884,16.014510545013422,-15.080890740740756,0.0,7070.707070707072,237.73510270093686,0.0,7308.442173408009,391789618.2463839,22.0,23.0,0.7196916381664261,25.0,21.0,0.7196916381664261,0.0,0.0,-7.308442173408009
2019-01-01 21:35:00,2019-01-01 21:35:00,21.287718445539895,15.950534505565088,-15.074868750000007,0.0,7070.707070707072,7.596205496000708,0.0,7078.3032762030725,393913109.2292449,22.0,23.0,0.22771917975164113,25.0,21.0,0.22771917975164113,0.0,0.0,-7.078303276203073
2019-01-01 21:40:00,2019-01-01 21:40:00,21.144615788076635,15.9956900375509,-15.063881481481474,0.0,7070.707070707072,82.75024539293007,0.0,7153.457316100002,394862564.91500914,22.0,23.0,0.5062578645462451,25.0,21.0,0.5062578645462451,0.0,0.0,-7.153457316100002
2019-01-01 21:45:00,2019-01-01 21:45:00,21.08924064951657,15.960542674478063,-15.049838657407406,0.0,7070.707070707072,400.34842586407075,0.0,7471.055496571143,397103881.56398106,22.0,23.0,0.856238453196882,25.0,21.0,0.856238453196882,0.0,0.0,-7.471055496571142
2019-01-01 21:50:00,2019-01-01 21:50:00,21.10684368129887,15.904049817986902,-15.03465,0.0,7070.707070707072,232.2170313687755,0.0,7302.924102075847,399294758.79460436,22.0,23.0,0.714079736186761,25.0,21.0,0.714079736186761,0.0,0.0,-7.302924102075847
2019-01-01 21:55:00,2019-01-01 21:55:00,21.250720246754156,15.886229977563858,-15.020225231481504,0.0,7070.707070707072,434.9881859546166,0.0,7505.695256661688,401546467.37160295,22.0,23.0,0.8802536611967758,25.0,21.0,0.8802536611967758,0.0,0.0,-7.505695256661689
2019-01-01 22:00:00,2019-01-01 22:00:00,21.704219780603353,15.863502684111552,-15.008474074074059,0.0,7070.707070707072,70.01826967447728,0.0,7140.725340381548,403688684.9737182,22.0,23.0,0.4788349157180231,25.0,21.0,0.4788349157180231,0.0,0.0,-7.1407253403815485
2019-01-01 22:05:00,2019-01-01 22:05:00,21.829512979315552,15.898377250669569,-15.001306250000027,0.0,4821.855130469224,44.416475178022985,0.0,4866.271605647246,405299974.4966537,22.0,23.0,0.4114307205790573,25.0,21.0,0.4114307205790573,0.0,0.0,-4.866271605647246
2019-01-01 22:10:00,2019-01-01 22:10:00,21.81067647389176,15.91863070541541,-15.0,0.0,5354.604778818897,57.04146915306358,0.0,5411.64624797196,406868908.01158106,22.0,23.0,0.4472107697021227,25.0,21.0,0.4472107697021227,0.0,0.0,-5.4116462479719605
2019-01-01 22:15:00,2019-01-01 22:15:00,20.461399313651384,15.816545439943468,-15.0,0.0,7070.707070707072,1.2208320059284192,0.0,7071.927902713,408986376.1276755,22.0,23.0,0.11499775782945294,25.0,21.0,0.11499775782945294,0.0,0.0,-7.071927902713
2019-01-01 22:20:00,2019-01-01 22:20:00,21.426523470923314,15.886496771298539,-15.0,0.0,7070.707070707072,62.195448897629774,0.0,7132.902519604701,409752886.26145947,22.0,23.0,0.46029354903931147,25.0,21.0,0.46029354903931147,0.0,0.0,-7.132902519604701
2019-01-01 22:25:00,2019-01-01 22:25:00,21.88450689622863,15.867908971634165,-15.0,0.0,3266.471621816551,36.0441195762387,0.0,3302.5157413927896,411804644.8510082,22.0,23.0,0.38376040169277864,25.0,21.0,0.38376040169277864,0.0,0.0,-3.3025157413927895
2019-01-01 22:30:00,2019-01-01 22:30:00,21.230088730064665,15.853377438911082,-15.0,0.0,7070.707070707072,161.13968793252715,0.0,7231.846758639599,413365177.3831034,22.0,23.0,0.6321927711023505,25.0,21.0,0.6321927711023505,0.0,0.0,-7.231846758639599
2019-01-01 22:35:00,2019-01-01 22:35:00,21.87816120716684,15.831053429077997,-15.0,0.0,3445.9456558873385,40.819947261446615,0.0,3486.765603148785,415445862.7259153,22.0,23.0,0.4000118273710053,25.0,21.0,0.4000118273710053,0.0,0.0,-3.486765603148785
2019-01-01 22:40:00,2019-01-01 22:40:00,21.24602601961874,15.825026153169233,-15.0,0.0,7070.707070707072,220.9225335348809,0.0,7291.629604241953,416916846.58583724,22.0,23.0,0.7023097394410024,25.0,21.0,0.7023097394410024,0.0,0.0,-7.291629604241953
2019-01-01 22:45:00,2019-01-01 22:45:00,21.818819887697202,15.818071591413627,-15.0,0.0,5124.286004523569,158.15168239143264,0.0,5282.437686915002,419042387.7356615,22.0,23.0,0.6282607930642005,25.0,21.0,0.6282607930642005,0.0,0.0,-5.282437686915002
2019-01-01 22:50:00,2019-01-01 22:50:00,21.78547667640356,15.831098058532064,-15.0,0.0,6067.32632393967,104.96617688839292,0.0,6172.292500828063,420923297.5028635,22.0,23.0,0.5480226132189564,25.0,21.0,0.5480226132189564,0.0,0.0,-6.172292500828062
2019-01-01 22:55:00,2019-01-01 22:55:00,21.77950586549514,15.837205643644552,-15.0,0.0,6236.197743571826,55.79042442160206,0.0,6291.988167993429,422703624.71552867,22.0,23.0,0.44391713393644333,25.0,21.0,0.44391713393644333,0.0,0.0,-6.291988167993429
2019-01-01 23:00:00,2019-01-01 23:00:00,21.783187675992735,15.840963542503005,-15.0,0.0,6132.065729498392,28.115461891302125,0.0,6160.1811913896945,424345505.74241656,22.0,23.0,0.3532621385203983,25.0,21.0,0.3532621385203983,0.0,0.0,-6.160181191389695
2019-01-01 23:05:00,2019-01-01 23:05:00,21.67885806120438,15.801675398609802,-15.0,0.0,7070.707070707072,4.648614522224446,0.0,7075.355685229296,426466426.02666855,22.0,23.0,0.1917783356788937,25.0,21.0,0.1917783356788937,0.0,0.0,-7.075355685229296
2019-01-01 23:10:00,2019-01-01 23:10:00,20.88568491387764,15.801267824406636,-15.002403703703692,0.0,7070.707070707072,243.93097006176765,0.0,7314.638040768839,427593041.3534581,22.0,23.0,0.7258903123735702,25.0,21.0,0.7258903123735702,0.0,0.0,-7.314638040768839
2019-01-01 23:15:00,2019-01-01 23:15:00,20.541246994059406,15.658857893018194,-15.028197685185205,0.0,7070.707070707072,5.531557043181311,0.0,7076.238627750253,429715912.9417832,22.0,23.0,0.20396387705995764,25.0,21.0,0.20396387705995764,0.0,0.0,-7.076238627750253
2019-01-01 23:20:00,2019-01-01 23:20:00,20.672640380394284,15.68627362767296,-15.079200000000014,0.0,7070.707070707072,266.13740625053873,0.0,7336.84447695761,430979313.4774242,22.0,23.0,0.747281090396491,25.0,21.0,0.747281090396491,0.0,0.0,-7.3368444769576096
2019-01-01 23:25:00,2019-01-01 23:25:00,21.06179404834984,15.611735134603009,-15.151591203703731,0.0,7070.707070707072,258.568198928264,0.0,7329.2752696353355,433178096.0583155,22.0,23.0,0.7401283779704143,25.0,21.0,0.7401283779704143,0.0,0.0,-7.329275269635335
2019-01-01 23:30:00,2019-01-01 23:30:00,21.219531177983413,15.546693102598397,-15.241551851851852,0.0,7070.707070707072,14.604640920374713,0.0,7085.311711627446,435303689.5718038,22.0,23.0,0.2839667322889945,25.0,21.0,0.2839667322889945,0.0,0.0,-7.085311711627446
2019-01-01 23:35:00,2019-01-01 23:35:00,21.176454946442618,15.503509893574915,-15.34526249999999,0.0,7070.707070707072,1.9605686278639955,0.0,7072.667639334935,437425489.8636046,22.0,23.0,0.13901231052158416,25.0,21.0,0.13901231052158416,0.0,0.0,-7.072667639334935
2019-01-01 23:40:00,2019-01-01 23:40:00,22.090516075884352,15.625412647566975,-15.458903703703697,0.0,0.0,11.313025557135946,0.0,11.313025557135946,437663477.1955488,22.0,23.0,0.2606916671113855,25.0,21.0,0.2606916671113855,0.0,0.0,-0.011313025557135946
2019-01-01 23:45:00,2019-01-01 23:45:00,21.848956200714042,15.606707885627884,-15.57865601851853,0.0,4271.945838390729,20.986961260486765,0.0,4292.932799651216,439521483.3365515,22.0,23.0,0.3204536380439917,25.0,21.0,0.3204536380439917,0.0,0.0,-4.292932799651216
2019-01-01 23:50:00,2019-01-01 23:50:00,21.513847063166793,15.569287035795753,-15.700699999999983,0.0,7070.707070707072,2.8663342428944083,0.0,7073.573404949966,441626861.47812533,22.0,23.0,0.16072182187021,25.0,21.0,0.16072182187021,0.0,0.0,-7.073573404949966
2019-01-01 23:55:00,2019-01-01 23:55:00,21.502897023673427,15.610559057726277,-15.821216203703727,0.0,7070.707070707072,37.948319558902796,0.0,7108.655390265974,442309280.54014397,22.0,23.0,0.3904027508642721,25.0,21.0,0.3904027508642721,0.0,0.0,-7.108655390265974
